corpus_item_id,sheet_row,corpus_link,corpus_id,corpus_file_name,task_link,task_id,task_dir,item_id,task,answer,assessment_stage,audio_file (old),audio_file link,block_index,chance_level,d,difficulty_old,image,item,item_link,item_uid,orig_item_num,prompt,randomize,required_selections,response_alternatives,source,time_limit,trial_num,trial_type,audio_file,row,item_uid sheet,a,g,u,trial_attributes,notes,form_construct,num_cards,num_dimensions,Last Modified,item_uid_check,item_key,group,entry,item_uid_temp,task_id_temp,corpus_id_temp,item_task (from item_link),tom_scenario,task_item_link,corpus_short_name,downex,registry_parameters (from item_link),corpus_registry_version,inferred_parameters,difficulty_inferred,difficulty,discrimination,block_threshold,last_modified,corpus_language,registry_parameter_helper,registry_parameter,discrimination_registry,difficulty_registry,item_uid_language,corpus_active,story_group
vocab-es-CO-v1 vocab-instruct-1,vocab-es-CO-v1_1,vocab-es-CO-v1,vocab-es-CO-v1,vocab-item-bank-es-CO,vocab,vocab,levante-vocabulary-dev,vocab-instruct-1,vocab,,instructions,vocab-instruct-1,vocab-instruct-1,0,,,,,,,,,,,,,,,,instructions,vocab-instruct-1,1,vocab-instruct-1,,,,,,,,,3/12/2026 3:32pm,1,instructions   ,,,,,,,,vocab-instruct-1,vocab-es-CO-v1,,,v1_6,,,,,,3/12/2026 3:32pm,es-CO,,,,,-es-CO,1 checked out of 1,
vocab-es-CO-v1 vocab-instruct-2,vocab-es-CO-v1_2,vocab-es-CO-v1,vocab-es-CO-v1,vocab-item-bank-es-CO,vocab,vocab,levante-vocabulary-dev,vocab-instruct-2,vocab,,instructions,vocab-instruct-2,vocab-instruct-2,0,,,,,,,,,,,,,,,,instructions,vocab-instruct-2,2,vocab-instruct-2,,,,,,,,,3/12/2026 3:32pm,1,instructions   ,,,,,,,,vocab-instruct-2,vocab-es-CO-v1,,,v1_6,,,,,,3/12/2026 3:32pm,es-CO,,,,,-es-CO,1 checked out of 1,
vocab-es-CO-v1 vocab-instruct-3,vocab-es-CO-v1_3,vocab-es-CO-v1,vocab-es-CO-v1,vocab-item-bank-es-CO,vocab,vocab,levante-vocabulary-dev,vocab-instruct-3,vocab,,instructions,vocab-instruct-3,vocab-instruct-3,0,,,,,,,,,,,,,,,,instructions,vocab-instruct-3,3,vocab-instruct-3,,,,,,,,,3/12/2026 3:32pm,1,instructions   ,,,,,,,,vocab-instruct-3,vocab-es-CO-v1,,,v1_6,,,,,,3/12/2026 3:32pm,es-CO,,,,,-es-CO,1 checked out of 1,
vocab-es-CO-v1 acorn,vocab-es-CO-v1_4,vocab-es-CO-v1,vocab-es-CO-v1,vocab-item-bank-es-CO,vocab,vocab,levante-vocabulary-dev,acorn,vocab,acorn,test_response,vocab-item-001,vocab-item-001,1,0.25,-4.18620000,,,acorn,vocab_word_acorn,vocab_word_acorn,,,,,"coconut,key,clothesline",clip,,,test,vocab-item-001,4,vocab__acorn,,,,,,,,,3/31/2026 7:48am,0,"test acorn acorn coconut,key,clothesline",word,acorn,,,,vocab,,acorn,vocab-es-CO-v1,,"vocab_word_acorn v1_6 es-CO,vocab_word_acorn v1_6 de-DE,vocab_word_acorn v1_6 en-US",v1_6,,,-1.7008,1,,3/31/2026 7:48am,es-CO,vocab_word_acorn v1_6 es-CO,vocab_word_acorn v1_6 es-CO,1.000,-1.701,vocab_word_acorn-es-CO,1 checked out of 1,
vocab-es-CO-v1 aloe,vocab-es-CO-v1_5,vocab-es-CO-v1,vocab-es-CO-v1,vocab-item-bank-es-CO,vocab,vocab,levante-vocabulary-dev,aloe,vocab,aloe,test_response,vocab-item-002,vocab-item-002,1,0.25,-0.08900000,,,aloe,vocab_word_aloe,vocab_word_aloe,,,,,"bracket,cactus,banner",clip,,,test,vocab-item-002,5,vocab__aloe,,,,,,,,,3/31/2026 7:50am,0,"test aloe aloe bracket,cactus,banner",word,aloe,,,,vocab,,aloe,vocab-es-CO-v1,,"vocab_word_aloe v1_6 es-CO,vocab_word_aloe v1_6 de-DE,vocab_word_aloe v1_6 en-US",v1_6,,,0.7998,1,,3/31/2026 7:50am,es-CO,vocab_word_aloe v1_6 es-CO,vocab_word_aloe v1_6 es-CO,1.000,0.800,vocab_word_aloe-es-CO,1 checked out of 1,
vocab-es-CO-v1 antenna,vocab-es-CO-v1_6,vocab-es-CO-v1,vocab-es-CO-v1,vocab-item-bank-es-CO,vocab,vocab,levante-vocabulary-dev,antenna,vocab,antenna,test_response,vocab-item-003,vocab-item-003,1,0.25,-1.14640000,,,antenna,vocab_word_antenna,vocab_word_antenna,,,,,"pinecone,stem,backgammon",clip,,,test,vocab-item-003,6,vocab__antenna,,,,,,,,,3/31/2026 7:50am,0,"test antenna antenna pinecone,stem,backgammon",word,antenna,,,,vocab,,antenna,vocab-es-CO-v1,,"vocab_word_antenna v1_6 es-CO,vocab_word_antenna v1_6 de-DE,vocab_word_antenna v1_6 en-US",v1_6,,,-1.4912,1,,3/31/2026 7:50am,es-CO,vocab_word_antenna v1_6 es-CO,vocab_word_antenna v1_6 es-CO,1.000,-1.491,vocab_word_antenna-es-CO,1 checked out of 1,
vocab-es-CO-v1 artichoke,vocab-es-CO-v1_7,vocab-es-CO-v1,vocab-es-CO-v1,vocab-item-bank-es-CO,vocab,vocab,levante-vocabulary-dev,artichoke,vocab,artichoke,test_response,vocab-item-004,vocab-item-004,1,0.25,-0.93240000,,,artichoke,vocab_word_artichoke,vocab_word_artichoke,,,,,"leek,sunroof,cello",clip,,,test,vocab-item-004,7,vocab__artichoke,,,,,,,,,3/31/2026 7:50am,0,"test artichoke artichoke leek,sunroof,cello",word,artichoke,,,,vocab,,artichoke,vocab-es-CO-v1,,"vocab_word_artichoke v1_6 es-CO,vocab_word_artichoke v1_6 de-DE,vocab_word_artichoke v1_6 en-US",v1_6,,,-0.1530,1,,3/31/2026 7:50am,es-CO,vocab_word_artichoke v1_6 es-CO,vocab_word_artichoke v1_6 es-CO,1.000,-0.153,vocab_word_artichoke-es-CO,1 checked out of 1,
vocab-es-CO-v1 bamboo,vocab-es-CO-v1_8,vocab-es-CO-v1,vocab-es-CO-v1,vocab-item-bank-es-CO,vocab,vocab,levante-vocabulary-dev,bamboo,vocab,bamboo,test_response,vocab-item-005,vocab-item-005,1,0.25,,,,bamboo,vocab_word_bamboo,vocab_word_bamboo,,,,,"lumber,yacht,apron",clip,,,test,vocab-item-005,8,vocab__bamboo,,,,,,,,,3/31/2026 7:50am,0,"test bamboo bamboo lumber,yacht,apron",word,bamboo,,,,vocab,,bamboo,vocab-es-CO-v1,,"vocab_word_bamboo v1_6 es-CO,vocab_word_bamboo v1_6 de-DE,vocab_word_bamboo v1_6 en-US",v1_6,,,-2.2923,1,,3/31/2026 7:50am,es-CO,vocab_word_bamboo v1_6 es-CO,vocab_word_bamboo v1_6 es-CO,1.000,-2.292,vocab_word_bamboo-es-CO,1 checked out of 1,
vocab-es-CO-v1 barrel,vocab-es-CO-v1_9,vocab-es-CO-v1,vocab-es-CO-v1,vocab-item-bank-es-CO,vocab,vocab,levante-vocabulary-dev,barrel,vocab,barrel,test_response,vocab-item-006,vocab-item-006,1,0.25,-3.03600000,,,barrel,vocab_word_barrel,vocab_word_barrel,,,,,"bucket,shelf,anteater",clip,,,test,vocab-item-006,9,vocab__barrel,,,,,,,,,3/31/2026 7:50am,0,"test barrel barrel bucket,shelf,anteater",word,barrel,,,,vocab,,barrel,vocab-es-CO-v1,,"vocab_word_barrel v1_6 es-CO,vocab_word_barrel v1_6 de-DE,vocab_word_barrel v1_6 en-US",v1_6,,,-1.5145,1,,3/31/2026 7:50am,es-CO,vocab_word_barrel v1_6 es-CO,vocab_word_barrel v1_6 es-CO,1.000,-1.515,vocab_word_barrel-es-CO,1 checked out of 1,
vocab-es-CO-v1 blender,vocab-es-CO-v1_10,vocab-es-CO-v1,vocab-es-CO-v1,vocab-item-bank-es-CO,vocab,vocab,levante-vocabulary-dev,blender,vocab,blender,test_response,vocab-item-007,vocab-item-007,1,0.25,,,,blender,vocab_word_blender,vocab_word_blender,,,,,"blind,mailbox,trampoline",clip,,,test,vocab-item-007,10,vocab__blender,,,,,,,,,3/31/2026 7:50am,0,"test blender blender blind,mailbox,trampoline",word,blender,,,,vocab,,blender,vocab-es-CO-v1,,"vocab_word_blender v1_6 es-CO,vocab_word_blender v1_6 de-DE,vocab_word_blender v1_6 en-US",v1_6,,,-3.9666,1,,3/31/2026 7:50am,es-CO,vocab_word_blender v1_6 es-CO,vocab_word_blender v1_6 es-CO,1.000,-3.967,vocab_word_blender-es-CO,1 checked out of 1,
vocab-es-CO-v1 blower,vocab-es-CO-v1_11,vocab-es-CO-v1,vocab-es-CO-v1,vocab-item-bank-es-CO,vocab,vocab,levante-vocabulary-dev,blower,vocab,blower,test_response,vocab-item-008,vocab-item-008,1,0.25,-2.46510000,,,blower,vocab_word_blower,vocab_word_blower,,,,,"buggy,burner,papaya",clip,,,test,vocab-item-008,11,vocab__blower,,,,,,,,,3/31/2026 7:50am,0,"test blower blower buggy,burner,papaya",word,blower,,,,vocab,,blower,vocab-es-CO-v1,,"vocab_word_blower v1_6 es-CO,vocab_word_blower v1_6 de-DE,vocab_word_blower v1_6 en-US",v1_6,,,-2.8211,1,,3/31/2026 7:50am,es-CO,vocab_word_blower v1_6 es-CO,vocab_word_blower v1_6 es-CO,1.000,-2.821,vocab_word_blower-es-CO,1 checked out of 1,
vocab-es-CO-v1 bouquet,vocab-es-CO-v1_12,vocab-es-CO-v1,vocab-es-CO-v1,vocab-item-bank-es-CO,vocab,vocab,levante-vocabulary-dev,bouquet,vocab,bouquet,test_response,vocab-item-009,vocab-item-009,1,0.25,-1.70520000,,,bouquet,vocab_word_bouquet,vocab_word_bouquet,,,,,"flowerpot,centerpiece,submarine",clip,,,test,vocab-item-009,12,vocab__bouquet,,,,,,,,,4/28/2026 7:54am,0,"test bouquet bouquet flowerpot,centerpiece,submarine",word,bouquet,,,,vocab,,bouquet,vocab-es-CO-v1,,"vocab_word_bouquet v1_6 es-CO,vocab_word_bouquet v1_6 de-DE,vocab_word_bouquet v1_6 en-US",v1_6,,,-2.7540,1,,4/28/2026 7:54am,es-CO,vocab_word_bouquet v1_6 es-CO,vocab_word_bouquet v1_6 es-CO,1.000,-2.754,vocab_word_bouquet-es-CO,1 checked out of 1,
vocab-es-CO-v1 buffet,vocab-es-CO-v1_13,vocab-es-CO-v1,vocab-es-CO-v1,vocab-item-bank-es-CO,vocab,vocab,levante-vocabulary-dev,buffet,vocab,buffet,test_response,vocab-item-010,vocab-item-010,1,0.25,,,,buffet,vocab_word_buffet,vocab_word_buffet,,,,,"counter,crib,rhubarb",clip,,,test,vocab-item-010,13,vocab__buffet,,,,,,,,,3/31/2026 7:50am,0,"test buffet buffet counter,crib,rhubarb",word,buffet,,,,vocab,,buffet,vocab-es-CO-v1,,"vocab_word_buffet v1_6 es-CO,vocab_word_buffet v1_6 de-DE,vocab_word_buffet v1_6 en-US",v1_6,,,0.1826,1,,3/31/2026 7:50am,es-CO,vocab_word_buffet v1_6 es-CO,vocab_word_buffet v1_6 es-CO,1.000,0.183,vocab_word_buffet-es-CO,1 checked out of 1,
vocab-es-CO-v1 bulldozer,vocab-es-CO-v1_14,vocab-es-CO-v1,vocab-es-CO-v1,vocab-item-bank-es-CO,vocab,vocab,levante-vocabulary-dev,bulldozer,vocab,bulldozer,test_response,vocab-item-011,vocab-item-011,1,0.25,-1.73540000,,,bulldozer,vocab_word_bulldozer,vocab_word_bulldozer,,,,,"orange,tractor,eggplant",clip,,,test,vocab-item-011,14,vocab__bulldozer,,,,,,,,,3/31/2026 7:50am,0,"test bulldozer bulldozer orange,tractor,eggplant",word,bulldozer,,,,vocab,,bulldozer,vocab-es-CO-v1,,"vocab_word_bulldozer v1_6 es-CO,vocab_word_bulldozer v1_6 de-DE,vocab_word_bulldozer v1_6 en-US",v1_6,,,-2.1016,1,,3/31/2026 7:50am,es-CO,vocab_word_bulldozer v1_6 es-CO,vocab_word_bulldozer v1_6 es-CO,1.000,-2.102,vocab_word_bulldozer-es-CO,1 checked out of 1,
vocab-es-CO-v1 cake,vocab-es-CO-v1_15,vocab-es-CO-v1,vocab-es-CO-v1,vocab-item-bank-es-CO,vocab,vocab,levante-vocabulary-dev,cake,vocab,cake,test_response,vocab-item-012,vocab-item-012,1,0.25,,,,cake,vocab_word_cake,vocab_word_cake,,,,,"dessert,refrigerator,battery",clip,,,test,vocab-item-012,15,vocab__cake,,,,,,,,,3/31/2026 7:50am,0,"test cake cake dessert,refrigerator,battery",word,cake,,,,vocab,,cake,vocab-es-CO-v1,,"vocab_word_cake v1_6 es-CO,vocab_word_cake v1_6 de-DE,vocab_word_cake v1_6 en-US",v1_6,,,-3.1011,1,,3/31/2026 7:50am,es-CO,vocab_word_cake v1_6 es-CO,vocab_word_cake v1_6 es-CO,1.000,-3.101,vocab_word_cake-es-CO,1 checked out of 1,
vocab-es-CO-v1 caramel,vocab-es-CO-v1_16,vocab-es-CO-v1,vocab-es-CO-v1,vocab-item-bank-es-CO,vocab,vocab,levante-vocabulary-dev,caramel,vocab,caramel,test_response,vocab-item-013,vocab-item-013,1,0.25,-2.00870000,,,caramel,vocab_word_caramel,vocab_word_caramel,,,,,"amber,olive,warthog",clip,,,test,vocab-item-013,16,vocab__caramel,,,,,,,,,3/31/2026 7:50am,0,"test caramel caramel amber,olive,warthog",word,caramel,,,,vocab,,caramel,vocab-es-CO-v1,,"vocab_word_caramel v1_6 es-CO,vocab_word_caramel v1_6 de-DE,vocab_word_caramel v1_6 en-US",v1_6,,,-0.4744,1,,3/31/2026 7:50am,es-CO,vocab_word_caramel v1_6 es-CO,vocab_word_caramel v1_6 es-CO,1.000,-0.474,vocab_word_caramel-es-CO,1 checked out of 1,
vocab-es-CO-v1 carousel,vocab-es-CO-v1_17,vocab-es-CO-v1,vocab-es-CO-v1,vocab-item-bank-es-CO,vocab,vocab,levante-vocabulary-dev,carousel,vocab,carousel,test_response,vocab-item-014,vocab-item-014,1,0.25,-1.39250000,,,carousel,vocab_word_carousel,vocab_word_carousel,,,,,"carriage,dish,melon",clip,,,test,vocab-item-014,17,vocab__carousel,,,,,,,,,3/31/2026 7:50am,0,"test carousel carousel carriage,dish,melon",word,carousel,,,,vocab,,carousel,vocab-es-CO-v1,,"vocab_word_carousel v1_6 es-CO,vocab_word_carousel v1_6 de-DE,vocab_word_carousel v1_6 en-US",v1_6,,,1.1389,1,,3/31/2026 7:50am,es-CO,vocab_word_carousel v1_6 es-CO,vocab_word_carousel v1_6 es-CO,1.000,1.139,vocab_word_carousel-es-CO,1 checked out of 1,
vocab-es-CO-v1 carrot,vocab-es-CO-v1_18,vocab-es-CO-v1,vocab-es-CO-v1,vocab-item-bank-es-CO,vocab,vocab,levante-vocabulary-dev,carrot,vocab,carrot,test_response,vocab-item-015,vocab-item-015,1,0.25,-4.43450000,,,carrot,vocab_word_carrot,vocab_word_carrot,,,,,"phone,vegetable,bathtub",clip,,,test,vocab-item-015,18,vocab__carrot,,,,,,,,,3/31/2026 7:50am,0,"test carrot carrot phone,vegetable,bathtub",word,carrot,,,,vocab,,carrot,vocab-es-CO-v1,,"vocab_word_carrot v1_6 es-CO,vocab_word_carrot v1_6 en-US",v1_6,,,-3.8977,1,,3/31/2026 7:50am,es-CO,vocab_word_carrot v1_6 es-CO,vocab_word_carrot v1_6 es-CO,1.000,-3.898,vocab_word_carrot-es-CO,1 checked out of 1,
vocab-es-CO-v1 cassette,vocab-es-CO-v1_19,vocab-es-CO-v1,vocab-es-CO-v1,vocab-item-bank-es-CO,vocab,vocab,levante-vocabulary-dev,cassette,vocab,cassette,test_response,vocab-item-016,vocab-item-016,1,0.25,-1.25170000,,,cassette,vocab_word_cassette,vocab_word_cassette,,,,,"book,tape,hammock",clip,,,test,vocab-item-016,19,vocab__cassette,,,,,,,,,3/31/2026 7:50am,0,"test cassette cassette book,tape,hammock",word,cassette,,,,vocab,,cassette,vocab-es-CO-v1,,"vocab_word_cassette v1_6 es-CO,vocab_word_cassette v1_6 de-DE,vocab_word_cassette v1_6 en-US",v1_6,,,-0.3651,1,,3/31/2026 7:50am,es-CO,vocab_word_cassette v1_6 es-CO,vocab_word_cassette v1_6 es-CO,1.000,-0.365,vocab_word_cassette-es-CO,1 checked out of 1,
vocab-es-CO-v1 cheese,vocab-es-CO-v1_20,vocab-es-CO-v1,vocab-es-CO-v1,vocab-item-bank-es-CO,vocab,vocab,levante-vocabulary-dev,cheese,vocab,cheese,test_response,vocab-item-017,vocab-item-017,1,0.25,-0.07190000,,,cheese,vocab_word_cheese,vocab_word_cheese,,,,,"butter,mud,hippopotamus",clip,,,test,vocab-item-017,20,vocab__cheese,,,,,,,,,3/31/2026 7:50am,0,"test cheese cheese butter,mud,hippopotamus",word,cheese,,,,vocab,,cheese,vocab-es-CO-v1,,"vocab_word_cheese v1_6 es-CO,vocab_word_cheese v1_6 de-DE,vocab_word_cheese v1_6 en-US",v1_6,,,1.4873,1,,3/31/2026 7:50am,es-CO,vocab_word_cheese v1_6 es-CO,vocab_word_cheese v1_6 es-CO,1.000,1.487,vocab_word_cheese-es-CO,1 checked out of 1,
vocab-es-CO-v1 cloak,vocab-es-CO-v1_21,vocab-es-CO-v1,vocab-es-CO-v1,vocab-item-bank-es-CO,vocab,vocab,levante-vocabulary-dev,cloak,vocab,cloak,test_response,vocab-item-018,vocab-item-018,1,0.25,-0.88000000,,,cloak,vocab_word_cloak,vocab_word_cloak,,,,,"cinnamon,hood,jellyfish",clip,,,test,vocab-item-018,21,vocab__cloak,,,,,,,,,3/31/2026 7:50am,0,"test cloak cloak cinnamon,hood,jellyfish",word,cloak,,,,vocab,,cloak,vocab-es-CO-v1,,"vocab_word_cloak v1_6 es-CO,vocab_word_cloak v1_6 de-DE,vocab_word_cloak v1_6 en-US",v1_6,,,6.1972,1,,3/31/2026 7:50am,es-CO,vocab_word_cloak v1_6 es-CO,vocab_word_cloak v1_6 es-CO,1.000,6.197,vocab_word_cloak-es-CO,1 checked out of 1,
vocab-es-CO-v1 clothespin,vocab-es-CO-v1_22,vocab-es-CO-v1,vocab-es-CO-v1,vocab-item-bank-es-CO,vocab,vocab,levante-vocabulary-dev,clothespin,vocab,clothespin,test_response,vocab-item-019,vocab-item-019,1,0.25,-2.71660000,,,clothespin,vocab_word_clothespin,vocab_word_clothespin,,,,,"toothpick,volleyball,hanger",clip,,,test,vocab-item-019,22,vocab__clothespin,,,,,,,,,4/28/2026 7:56am,0,"test clothespin clothespin toothpick,volleyball,hanger",word,clothespin,,,,vocab,,clothespin,vocab-es-CO-v1,,"vocab_word_clothespin v1_6 es-CO,vocab_word_clothespin v1_6 en-US",v1_6,,,-3.2563,1,,4/28/2026 7:56am,es-CO,vocab_word_clothespin v1_6 es-CO,vocab_word_clothespin v1_6 es-CO,1.000,-3.256,vocab_word_clothespin-es-CO,1 checked out of 1,
vocab-es-CO-v1 coaster,vocab-es-CO-v1_23,vocab-es-CO-v1,vocab-es-CO-v1,vocab-item-bank-es-CO,vocab,vocab,levante-vocabulary-dev,coaster,vocab,coaster,test_response,vocab-item-020,vocab-item-020,1,0.25,-0.42660000,,,coaster,vocab_word_coaster,vocab_word_coaster,,,,,"card,tablecloth,hummingbird",clip,,,test,vocab-item-020,23,vocab__coaster,,,,,,,,,4/28/2026 7:56am,0,"test coaster coaster card,tablecloth,hummingbird",word,coaster,,,,vocab,,coaster,vocab-es-CO-v1,,"vocab_word_coaster v1_6 es-CO,vocab_word_coaster v1_6 de-DE,vocab_word_coaster v1_6 en-US",v1_6,,,-0.9875,1,,4/28/2026 7:56am,es-CO,vocab_word_coaster v1_6 es-CO,vocab_word_coaster v1_6 es-CO,1.000,-0.988,vocab_word_coaster-es-CO,1 checked out of 1,
vocab-es-CO-v1 cork,vocab-es-CO-v1_24,vocab-es-CO-v1,vocab-es-CO-v1,vocab-item-bank-es-CO,vocab,vocab,levante-vocabulary-dev,cork,vocab,cork,test_response,vocab-item-021,vocab-item-021,1,0.25,-2.09110000,,,cork,vocab_word_cork,vocab_word_cork,,,,,"jersey,skateboard,mascara",clip,,,test,vocab-item-021,24,vocab__cork,,,,,,,,,3/31/2026 7:50am,0,"test cork cork jersey,skateboard,mascara",word,cork,,,,vocab,,cork,vocab-es-CO-v1,,"vocab_word_cork v1_6 es-CO,vocab_word_cork v1_6 de-DE,vocab_word_cork v1_6 en-US",v1_6,,,-0.8489,1,,3/31/2026 7:50am,es-CO,vocab_word_cork v1_6 es-CO,vocab_word_cork v1_6 es-CO,1.000,-0.849,vocab_word_cork-es-CO,1 checked out of 1,
vocab-es-CO-v1 cornbread,vocab-es-CO-v1_25,vocab-es-CO-v1,vocab-es-CO-v1,vocab-item-bank-es-CO,vocab,vocab,levante-vocabulary-dev,cornbread,vocab,cornbread,test_response,vocab-item-022,vocab-item-022,1,0.25,-2.66280000,,,cornbread,vocab_word_cornbread,vocab_word_cornbread,,,,,"corn,wreath,organ",clip,,,test,vocab-item-022,25,vocab__cornbread,,,,,,,,,3/31/2026 7:50am,0,"test cornbread cornbread corn,wreath,organ",word,cornbread,,,,vocab,,cornbread,vocab-es-CO-v1,,"vocab_word_cornbread v1_6 es-CO,vocab_word_cornbread v1_6 de-DE,vocab_word_cornbread v1_6 en-US",v1_6,,,-0.9130,1,,3/31/2026 7:50am,es-CO,vocab_word_cornbread v1_6 es-CO,vocab_word_cornbread v1_6 es-CO,1.000,-0.913,vocab_word_cornbread-es-CO,1 checked out of 1,
vocab-es-CO-v1 corset,vocab-es-CO-v1_26,vocab-es-CO-v1,vocab-es-CO-v1,vocab-item-bank-es-CO,vocab,vocab,levante-vocabulary-dev,corset,vocab,corset,test_response,vocab-item-023,vocab-item-023,1,0.25,-0.04100000,,,corset,vocab_word_corset,vocab_word_corset,,,,,"harness,mantle,bonsai",clip,,,test,vocab-item-023,26,vocab__corset,,,,,,,,,3/31/2026 7:50am,0,"test corset corset harness,mantle,bonsai",word,corset,,,,vocab,,corset,vocab-es-CO-v1,,"vocab_word_corset v1_6 es-CO,vocab_word_corset v1_6 de-DE,vocab_word_corset v1_6 en-US",v1_6,,,1.8639,1,,3/31/2026 7:50am,es-CO,vocab_word_corset v1_6 es-CO,vocab_word_corset v1_6 es-CO,1.000,1.864,vocab_word_corset-es-CO,1 checked out of 1,
vocab-es-CO-v1 dumpling,vocab-es-CO-v1_27,vocab-es-CO-v1,vocab-es-CO-v1,vocab-item-bank-es-CO,vocab,vocab,levante-vocabulary-dev,dumpling,vocab,dumpling,test_response,vocab-item-024,vocab-item-024,1,0.25,-2.33860000,,,dumpling,vocab_word_dumpling,vocab_word_dumpling,,,,,"meatball,rocket,coyote",clip,,,test,vocab-item-024,27,vocab__dumpling,,,,,,,,,3/31/2026 7:50am,0,"test dumpling dumpling meatball,rocket,coyote",word,dumpling,,,,vocab,,dumpling,vocab-es-CO-v1,,"vocab_word_dumpling v1_6 es-CO,vocab_word_dumpling v1_6 de-DE,vocab_word_dumpling v1_6 en-US",v1_6,,,2.3124,1,,3/31/2026 7:50am,es-CO,vocab_word_dumpling v1_6 es-CO,vocab_word_dumpling v1_6 es-CO,1.000,2.312,vocab_word_dumpling-es-CO,1 checked out of 1,
vocab-es-CO-v1 elbow,vocab-es-CO-v1_28,vocab-es-CO-v1,vocab-es-CO-v1,vocab-item-bank-es-CO,vocab,vocab,levante-vocabulary-dev,elbow,vocab,elbow,test_response,vocab-item-025,vocab-item-025,1,0.25,-2.26870000,,,elbow,vocab_word_elbow,vocab_word_elbow,,,,,"arm,bed,gorilla",clip,,,test,vocab-item-025,28,vocab__elbow,,,,,,,,,3/31/2026 7:50am,0,"test elbow elbow arm,bed,gorilla",word,elbow,,,,vocab,,elbow,vocab-es-CO-v1,,"vocab_word_elbow v1_6 es-CO,vocab_word_elbow v1_6 de-DE,vocab_word_elbow v1_6 en-US",v1_6,,,-1.3280,1,,3/31/2026 7:50am,es-CO,vocab_word_elbow v1_6 es-CO,vocab_word_elbow v1_6 es-CO,1.000,-1.328,vocab_word_elbow-es-CO,1 checked out of 1,
vocab-es-CO-v1 fan,vocab-es-CO-v1_29,vocab-es-CO-v1,vocab-es-CO-v1,vocab-item-bank-es-CO,vocab,vocab,levante-vocabulary-dev,fan,vocab,fan,test_response,vocab-item-026,vocab-item-026,1,0.25,-4.05010000,,,fan,vocab_word_fan,vocab_word_fan,,,,,"album,boulder,chipmunk",clip,,,test,vocab-item-026,29,vocab__fan,,,,,,,,,3/31/2026 7:50am,0,"test fan fan album,boulder,chipmunk",word,fan,,,,vocab,,fan,vocab-es-CO-v1,,"vocab_word_fan v1_6 es-CO,vocab_word_fan v1_6 de-DE,vocab_word_fan v1_6 en-US",v1_6,,,-3.5865,1,,3/31/2026 7:50am,es-CO,vocab_word_fan v1_6 es-CO,vocab_word_fan v1_6 es-CO,1.000,-3.587,vocab_word_fan-es-CO,1 checked out of 1,
vocab-es-CO-v1 foam,vocab-es-CO-v1_30,vocab-es-CO-v1,vocab-es-CO-v1,vocab-item-bank-es-CO,vocab,vocab,levante-vocabulary-dev,foam,vocab,foam,test_response,vocab-item-027,vocab-item-027,1,0.25,-2.40140000,,,foam,vocab_word_foam,vocab_word_foam,,,,,"float,quilt,asparagus",clip,,,test,vocab-item-027,30,vocab__foam,,,,,,,,,3/31/2026 7:50am,0,"test foam foam float,quilt,asparagus",word,foam,,,,vocab,,foam,vocab-es-CO-v1,,"vocab_word_foam v1_6 es-CO,vocab_word_foam v1_6 de-DE,vocab_word_foam v1_6 en-US",v1_6,,,-1.8990,1,,3/31/2026 7:50am,es-CO,vocab_word_foam v1_6 es-CO,vocab_word_foam v1_6 es-CO,1.000,-1.899,vocab_word_foam-es-CO,1 checked out of 1,
vocab-es-CO-v1 footbath,vocab-es-CO-v1_31,vocab-es-CO-v1,vocab-es-CO-v1,vocab-item-bank-es-CO,vocab,vocab,levante-vocabulary-dev,footbath,vocab,footbath,test_response,vocab-item-028,vocab-item-028,1,0.25,,,,footbath,vocab_word_footbath,vocab_word_footbath,,,,,"trough,vest,rhinoceros",clip,,,test,vocab-item-028,31,vocab__footbath,,,,,,,,,3/31/2026 7:50am,0,"test footbath footbath trough,vest,rhinoceros",word,footbath,,,,vocab,,footbath,vocab-es-CO-v1,,"vocab_word_footbath v1_6 es-CO,vocab_word_footbath v1_6 de-DE,vocab_word_footbath v1_6 en-US",v1_6,,,-3.5277,1,,3/31/2026 7:50am,es-CO,vocab_word_footbath v1_6 es-CO,vocab_word_footbath v1_6 es-CO,1.000,-3.528,vocab_word_footbath-es-CO,1 checked out of 1,
vocab-es-CO-v1 fruitcake,vocab-es-CO-v1_32,vocab-es-CO-v1,vocab-es-CO-v1,vocab-item-bank-es-CO,vocab,vocab,levante-vocabulary-dev,fruitcake,vocab,fruitcake,test_response,vocab-item-029,vocab-item-029,1,0.25,-2.74690000,,,fruitcake,vocab_word_fruitcake,vocab_word_fruitcake,,,,,"dough,fudge,anvil",clip,,,test,vocab-item-029,32,vocab__fruitcake,,,,,,,,,3/31/2026 7:50am,0,"test fruitcake fruitcake dough,fudge,anvil",word,fruitcake,,,,vocab,,fruitcake,vocab-es-CO-v1,,"vocab_word_fruitcake v1_6 es-CO,vocab_word_fruitcake v1_6 de-DE,vocab_word_fruitcake v1_6 en-US",v1_6,,,-2.3602,1,,3/31/2026 7:50am,es-CO,vocab_word_fruitcake v1_6 es-CO,vocab_word_fruitcake v1_6 es-CO,1.000,-2.360,vocab_word_fruitcake-es-CO,1 checked out of 1,
vocab-es-CO-v1 gutter,vocab-es-CO-v1_33,vocab-es-CO-v1,vocab-es-CO-v1,vocab-item-bank-es-CO,vocab,vocab,levante-vocabulary-dev,gutter,vocab,gutter,test_response,vocab-item-030,vocab-item-030,1,0.25,-0.70460000,,,gutter,vocab_word_gutter,vocab_word_gutter,,,,,"almond,filter,roofwindow",clip,,,test,vocab-item-030,33,vocab__gutter,,,,,,,,,4/28/2026 7:58am,0,"test gutter gutter almond,filter,roofwindow",word,gutter,,,,vocab,,gutter,vocab-es-CO-v1,,"vocab_word_gutter v1_6 es-CO,vocab_word_gutter v1_6 de-DE,vocab_word_gutter v1_6 en-US",v1_6,,,1.5996,1,,4/28/2026 7:58am,es-CO,vocab_word_gutter v1_6 es-CO,vocab_word_gutter v1_6 es-CO,1.000,1.600,vocab_word_gutter-es-CO,1 checked out of 1,
vocab-es-CO-v1 hamster,vocab-es-CO-v1_34,vocab-es-CO-v1,vocab-es-CO-v1,vocab-item-bank-es-CO,vocab,vocab,levante-vocabulary-dev,hamster,vocab,hamster,test_response,vocab-item-031,vocab-item-031,1,0.25,-4.07980000,,,hamster,vocab_word_hamster,vocab_word_hamster,,,,,"rabbit,tadpole,skirt",clip,,,test,vocab-item-031,34,vocab__hamster,,,,,,,,,3/31/2026 7:50am,0,"test hamster hamster rabbit,tadpole,skirt",word,hamster,,,,vocab,,hamster,vocab-es-CO-v1,,"vocab_word_hamster v1_6 es-CO,vocab_word_hamster v1_6 de-DE,vocab_word_hamster v1_6 en-US",v1_6,,,-1.9562,1,,3/31/2026 7:50am,es-CO,vocab_word_hamster v1_6 es-CO,vocab_word_hamster v1_6 es-CO,1.000,-1.956,vocab_word_hamster-es-CO,1 checked out of 1,
vocab-es-CO-v1 hedgehog,vocab-es-CO-v1_35,vocab-es-CO-v1,vocab-es-CO-v1,vocab-item-bank-es-CO,vocab,vocab,levante-vocabulary-dev,hedgehog,vocab,hedgehog,test_response,vocab-item-032,vocab-item-032,1,0.25,,,,hedgehog,vocab_word_hedgehog,vocab_word_hedgehog,,,,,"iguana,owl,dumbwaiter",clip,,,test,vocab-item-032,35,vocab__hedgehog,,,,,,,,,3/31/2026 7:50am,0,"test hedgehog hedgehog iguana,owl,dumbwaiter",word,hedgehog,,,,vocab,,hedgehog,vocab-es-CO-v1,,"vocab_word_hedgehog v1_6 es-CO,vocab_word_hedgehog v1_6 de-DE",v1_6,,,-3.4687,1,,3/31/2026 7:50am,es-CO,vocab_word_hedgehog v1_6 es-CO,vocab_word_hedgehog v1_6 es-CO,1.000,-3.469,vocab_word_hedgehog-es-CO,1 checked out of 1,
vocab-es-CO-v1 hoe,vocab-es-CO-v1_36,vocab-es-CO-v1,vocab-es-CO-v1,vocab-item-bank-es-CO,vocab,vocab,levante-vocabulary-dev,hoe,vocab,hoe,test_response,vocab-item-033,vocab-item-033,1,0.25,-1.63990000,,,hoe,vocab_word_hoe,vocab_word_hoe,,,,,"dustpan,peg,beaker",clip,,,test,vocab-item-033,36,vocab__hoe,,,,,,,,,3/31/2026 7:50am,0,"test hoe hoe dustpan,peg,beaker",word,hoe,,,,vocab,,hoe,vocab-es-CO-v1,,"vocab_word_hoe v1_6 es-CO,vocab_word_hoe v1_6 de-DE,vocab_word_hoe v1_6 en-US",v1_6,,,2.1343,1,,3/31/2026 7:50am,es-CO,vocab_word_hoe v1_6 es-CO,vocab_word_hoe v1_6 es-CO,1.000,2.134,vocab_word_hoe-es-CO,1 checked out of 1,
vocab-es-CO-v1 hopscotch,vocab-es-CO-v1_37,vocab-es-CO-v1,vocab-es-CO-v1,vocab-item-bank-es-CO,vocab,vocab,levante-vocabulary-dev,hopscotch,vocab,hopscotch,test_response,vocab-item-034,vocab-item-034,1,0.25,-2.72370000,,,hopscotch,vocab_word_hopscotch,vocab_word_hopscotch,,,,,"chalk,funnel,jug",clip,,,test,vocab-item-034,37,vocab__hopscotch,,,,,,,,,3/31/2026 7:50am,0,"test hopscotch hopscotch chalk,funnel,jug",word,hopscotch,,,,vocab,,hopscotch,vocab-es-CO-v1,,"vocab_word_hopscotch v1_6 es-CO,vocab_word_hopscotch v1_6 de-DE,vocab_word_hopscotch v1_6 en-US",v1_6,,,1.2712,1,,3/31/2026 7:50am,es-CO,vocab_word_hopscotch v1_6 es-CO,vocab_word_hopscotch v1_6 es-CO,1.000,1.271,vocab_word_hopscotch-es-CO,1 checked out of 1,
vocab-es-CO-v1 kimono,vocab-es-CO-v1_38,vocab-es-CO-v1,vocab-es-CO-v1,vocab-item-bank-es-CO,vocab,vocab,levante-vocabulary-dev,kimono,vocab,kimono,test_response,vocab-item-035,vocab-item-035,1,0.25,-0.63060000,,,kimono,vocab_word_kimono,vocab_word_kimono,,,,,"cardigan,turntable,cable",clip,,,test,vocab-item-035,38,vocab__kimono,,,,,,,,,3/31/2026 7:50am,0,"test kimono kimono cardigan,turntable,cable",word,kimono,,,,vocab,,kimono,vocab-es-CO-v1,,"vocab_word_kimono v1_6 es-CO,vocab_word_kimono v1_6 de-DE,vocab_word_kimono v1_6 en-US",v1_6,,,1.0808,1,,3/31/2026 7:50am,es-CO,vocab_word_kimono v1_6 es-CO,vocab_word_kimono v1_6 es-CO,1.000,1.081,vocab_word_kimono-es-CO,1 checked out of 1,
vocab-es-CO-v1 latch,vocab-es-CO-v1_39,vocab-es-CO-v1,vocab-es-CO-v1,vocab-item-bank-es-CO,vocab,vocab,levante-vocabulary-dev,latch,vocab,latch,test_response,vocab-item-036,vocab-item-036,1,0.25,-1.85560000,,,latch,vocab_word_latch,vocab_word_latch,,,,,"lock,microwave,umbrella",clip,,,test,vocab-item-036,39,vocab__latch,,,,,,,,,3/31/2026 7:50am,0,"test latch latch lock,microwave,umbrella",word,latch,,,,vocab,,latch,vocab-es-CO-v1,,"vocab_word_latch v1_6 es-CO,vocab_word_latch v1_6 de-DE,vocab_word_latch v1_6 en-US",v1_6,,,1.8245,1,,3/31/2026 7:50am,es-CO,vocab_word_latch v1_6 es-CO,vocab_word_latch v1_6 es-CO,1.000,1.825,vocab_word_latch-es-CO,1 checked out of 1,
vocab-es-CO-v1 locker,vocab-es-CO-v1_40,vocab-es-CO-v1,vocab-es-CO-v1,vocab-item-bank-es-CO,vocab,vocab,levante-vocabulary-dev,locker,vocab,locker,test_response,vocab-item-037,vocab-item-037,1,0.25,-3.96110000,,,locker,vocab_word_locker,vocab_word_locker,,,,,"basket,cabinet,gargoyle",clip,,,test,vocab-item-037,40,vocab__locker,,,,,,,,,3/31/2026 7:50am,0,"test locker locker basket,cabinet,gargoyle",word,locker,,,,vocab,,locker,vocab-es-CO-v1,,"vocab_word_locker v1_6 es-CO,vocab_word_locker v1_6 de-DE,vocab_word_locker v1_6 en-US",v1_6,,,-2.0428,1,,3/31/2026 7:50am,es-CO,vocab_word_locker v1_6 es-CO,vocab_word_locker v1_6 es-CO,1.000,-2.043,vocab_word_locker-es-CO,1 checked out of 1,
vocab-es-CO-v1 lollipop,vocab-es-CO-v1_41,vocab-es-CO-v1,vocab-es-CO-v1,vocab-item-bank-es-CO,vocab,vocab,levante-vocabulary-dev,lollipop,vocab,lollipop,test_response,vocab-item-038,vocab-item-038,1,0.25,-5.60810000,,,lollipop,vocab_word_lollipop,vocab_word_lollipop,,,,,"candy,doorbell,crumb",clip,,,test,vocab-item-038,41,vocab__lollipop,,,,,,,,,3/31/2026 7:50am,0,"test lollipop lollipop candy,doorbell,crumb",word,lollipop,,,,vocab,,lollipop,vocab-es-CO-v1,,"vocab_word_lollipop v1_6 es-CO,vocab_word_lollipop v1_6 de-DE,vocab_word_lollipop v1_6 en-US",v1_6,,,-3.0438,1,,3/31/2026 7:50am,es-CO,vocab_word_lollipop v1_6 es-CO,vocab_word_lollipop v1_6 es-CO,1.000,-3.044,vocab_word_lollipop-es-CO,1 checked out of 1,
vocab-es-CO-v1 map,vocab-es-CO-v1_42,vocab-es-CO-v1,vocab-es-CO-v1,vocab-item-bank-es-CO,vocab,vocab,levante-vocabulary-dev,map,vocab,map,test_response,vocab-item-039,vocab-item-039,1,0.25,-3.71110000,,,map,vocab_word_map,vocab_word_map,,,,,"marker,ruby,dishwasher",clip,,,test,vocab-item-039,42,vocab__map,,,,,,,,,3/31/2026 7:50am,0,"test map map marker,ruby,dishwasher",word,map,,,,vocab,,map,vocab-es-CO-v1,,"vocab_word_map v1_6 es-CO,vocab_word_map v1_6 en-US",v1_6,,,-2.1789,1,,3/31/2026 7:50am,es-CO,vocab_word_map v1_6 es-CO,vocab_word_map v1_6 es-CO,1.000,-2.179,vocab_word_map-es-CO,1 checked out of 1,
vocab-es-CO-v1 marshmallow,vocab-es-CO-v1_43,vocab-es-CO-v1,vocab-es-CO-v1,vocab-item-bank-es-CO,vocab,vocab,levante-vocabulary-dev,marshmallow,vocab,marshmallow,test_response,vocab-item-040,vocab-item-040,1,0.25,,,,marshmallow,vocab_word_marshmallow,vocab_word_marshmallow,,,,,"dryer,snowball,rooster",clip,,,test,vocab-item-040,43,vocab__marshmallow,,,,,,,,,3/31/2026 7:50am,0,"test marshmallow marshmallow dryer,snowball,rooster",word,marshmallow,,,,vocab,,marshmallow,vocab-es-CO-v1,,"vocab_word_marshmallow v1_6 es-CO,vocab_word_marshmallow v1_6 de-DE,vocab_word_marshmallow v1_6 en-US",v1_6,,,-3.2035,1,,3/31/2026 7:50am,es-CO,vocab_word_marshmallow v1_6 es-CO,vocab_word_marshmallow v1_6 es-CO,1.000,-3.204,vocab_word_marshmallow-es-CO,1 checked out of 1,
vocab-es-CO-v1 net,vocab-es-CO-v1_44,vocab-es-CO-v1,vocab-es-CO-v1,vocab-item-bank-es-CO,vocab,vocab,levante-vocabulary-dev,net,vocab,net,test_response,vocab-item-041,vocab-item-041,1,0.25,,,,net,vocab_word_net,vocab_word_net,,,,,"domino,tee,hydrant",clip,,,test,vocab-item-041,44,vocab__net,,,,,,,,,3/31/2026 7:50am,0,"test net net domino,tee,hydrant",word,net,,,,vocab,,net,vocab-es-CO-v1,,"vocab_word_net v1_6 es-CO,vocab_word_net v1_6 de-DE",v1_6,,,-2.2126,1,,3/31/2026 7:50am,es-CO,vocab_word_net v1_6 es-CO,vocab_word_net v1_6 es-CO,1.000,-2.213,vocab_word_net-es-CO,1 checked out of 1,
vocab-es-CO-v1 oil,vocab-es-CO-v1_45,vocab-es-CO-v1,vocab-es-CO-v1,vocab-item-bank-es-CO,vocab,vocab,levante-vocabulary-dev,oil,vocab,oil,test_response,vocab-item-042,vocab-item-042,1,0.25,,,,oil,vocab_word_oil,vocab_word_oil,,,,,"gel,grain,bassinet",clip,,,test,vocab-item-042,45,vocab__oil,,,,,,,,,3/31/2026 7:50am,0,"test oil oil gel,grain,bassinet",word,oil,,,,vocab,,oil,vocab-es-CO-v1,,"vocab_word_oil v1_6 es-CO,vocab_word_oil v1_6 de-DE",v1_6,,,-2.2524,1,,3/31/2026 7:50am,es-CO,vocab_word_oil v1_6 es-CO,vocab_word_oil v1_6 es-CO,1.000,-2.252,vocab_word_oil-es-CO,1 checked out of 1,
vocab-es-CO-v1 omelet,vocab-es-CO-v1_46,vocab-es-CO-v1,vocab-es-CO-v1,vocab-item-bank-es-CO,vocab,vocab,levante-vocabulary-dev,omelet,vocab,omelet,test_response,vocab-item-043,vocab-item-043,1,0.25,-2.49920000,,,omelet,vocab_word_omelet,vocab_word_omelet,,,,,"clay,pancake,trunk",clip,,,test,vocab-item-043,46,vocab__omelet,,,,,,,,,3/31/2026 7:50am,0,"test omelet omelet clay,pancake,trunk",word,omelet,,,,vocab,,omelet,vocab-es-CO-v1,,"vocab_word_omelet v1_6 es-CO,vocab_word_omelet v1_6 de-DE,vocab_word_omelet v1_6 en-US",v1_6,,,1.3648,1,,3/31/2026 7:50am,es-CO,vocab_word_omelet v1_6 es-CO,vocab_word_omelet v1_6 es-CO,1.000,1.365,vocab_word_omelet-es-CO,1 checked out of 1,
vocab-es-CO-v1 pie,vocab-es-CO-v1_47,vocab-es-CO-v1,vocab-es-CO-v1,vocab-item-bank-es-CO,vocab,vocab,levante-vocabulary-dev,pie,vocab,pie,test_response,vocab-item-044,vocab-item-044,1,0.25,,,,pie,vocab_word_pie,vocab_word_pie,,,,,"flashlight,pizza,sweater",clip,,,test,vocab-item-044,47,vocab__pie,,,,,,,,,3/31/2026 7:50am,0,"test pie pie flashlight,pizza,sweater",word,pie,,,,vocab,,pie,vocab-es-CO-v1,,"vocab_word_pie v1_6 es-CO,vocab_word_pie v1_6 de-DE,vocab_word_pie v1_6 en-US",v1_6,,,-1.7420,1,,3/31/2026 7:50am,es-CO,vocab_word_pie v1_6 es-CO,vocab_word_pie v1_6 es-CO,1.000,-1.742,vocab_word_pie-es-CO,1 checked out of 1,
vocab-es-CO-v1 pistachio,vocab-es-CO-v1_48,vocab-es-CO-v1,vocab-es-CO-v1,vocab-item-bank-es-CO,vocab,vocab,levante-vocabulary-dev,pistachio,vocab,pistachio,test_response,vocab-item-045,vocab-item-045,1,0.25,-2.11950000,,,pistachio,vocab_word_pistachio,vocab_word_pistachio,,,,,"avocado,taco,bagpipe",clip,,,test,vocab-item-045,48,vocab__pistachio,,,,,,,,,3/31/2026 7:50am,0,"test pistachio pistachio avocado,taco,bagpipe",word,pistachio,,,,vocab,,pistachio,vocab-es-CO-v1,,"vocab_word_pistachio v1_6 es-CO,vocab_word_pistachio v1_6 de-DE,vocab_word_pistachio v1_6 en-US",v1_6,,,0.7387,1,,3/31/2026 7:50am,es-CO,vocab_word_pistachio v1_6 es-CO,vocab_word_pistachio v1_6 es-CO,1.000,0.739,vocab_word_pistachio-es-CO,1 checked out of 1,
vocab-es-CO-v1 pitcher,vocab-es-CO-v1_49,vocab-es-CO-v1,vocab-es-CO-v1,vocab-item-bank-es-CO,vocab,vocab,levante-vocabulary-dev,pitcher,vocab,pitcher,test_response,vocab-item-046,vocab-item-046,1,0.25,-0.09660000,,,pitcher,vocab_word_pitcher,vocab_word_pitcher,,,,,"batter,tumbleweed,medal",clip,,,test,vocab-item-046,49,vocab__pitcher,,,,,,,,,3/31/2026 7:50am,0,"test pitcher pitcher batter,tumbleweed,medal",word,pitcher,,,,vocab,,pitcher,vocab-es-CO-v1,,"vocab_word_pitcher v1_6 es-CO,vocab_word_pitcher v1_6 de-DE,vocab_word_pitcher v1_6 en-US",v1_6,,,-1.4657,1,,3/31/2026 7:50am,es-CO,vocab_word_pitcher v1_6 es-CO,vocab_word_pitcher v1_6 es-CO,1.000,-1.466,vocab_word_pitcher-es-CO,1 checked out of 1,
vocab-es-CO-v1 potato,vocab-es-CO-v1_50,vocab-es-CO-v1,vocab-es-CO-v1,vocab-item-bank-es-CO,vocab,vocab,levante-vocabulary-dev,potato,vocab,potato,test_response,vocab-item-047,vocab-item-047,1,0.25,,,,potato,vocab_word_potato,vocab_word_potato,,,,,"glasses,pot,dragonfly",clip,,,test,vocab-item-047,50,vocab__potato,,,,,,,,,3/31/2026 7:50am,0,"test potato potato glasses,pot,dragonfly",word,potato,,,,vocab,,potato,vocab-es-CO-v1,,vocab_word_potato v1_6 es-CO,v1_6,,,-2.3125,1,,3/31/2026 7:50am,es-CO,vocab_word_potato v1_6 es-CO,vocab_word_potato v1_6 es-CO,1.000,-2.313,vocab_word_potato-es-CO,1 checked out of 1,
vocab-es-CO-v1 prism,vocab-es-CO-v1_51,vocab-es-CO-v1,vocab-es-CO-v1,vocab-item-bank-es-CO,vocab,vocab,levante-vocabulary-dev,prism,vocab,prism,test_response,vocab-item-048,vocab-item-048,1,0.25,-0.91760000,,,prism,vocab_word_prism,vocab_word_prism,,,,,"radar,subway,chinchilla",clip,,,test,vocab-item-048,51,vocab__prism,,,,,,,,,3/31/2026 7:50am,0,"test prism prism radar,subway,chinchilla",word,prism,,,,vocab,,prism,vocab-es-CO-v1,,"vocab_word_prism v1_6 es-CO,vocab_word_prism v1_6 de-DE,vocab_word_prism v1_6 en-US",v1_6,,,0.4909,1,,3/31/2026 7:50am,es-CO,vocab_word_prism v1_6 es-CO,vocab_word_prism v1_6 es-CO,1.000,0.491,vocab_word_prism-es-CO,1 checked out of 1,
vocab-es-CO-v1 puddle,vocab-es-CO-v1_52,vocab-es-CO-v1,vocab-es-CO-v1,vocab-item-bank-es-CO,vocab,vocab,levante-vocabulary-dev,puddle,vocab,puddle,test_response,vocab-item-049,vocab-item-049,1,0.25,-3.11860000,,,puddle,vocab_word_puddle,vocab_word_puddle,,,,,"baseball,bubble,salami",clip,,,test,vocab-item-049,52,vocab__puddle,,,,,,,,,3/31/2026 7:50am,0,"test puddle puddle baseball,bubble,salami",word,puddle,,,,vocab,,puddle,vocab-es-CO-v1,,"vocab_word_puddle v1_6 es-CO,vocab_word_puddle v1_6 de-DE,vocab_word_puddle v1_6 en-US",v1_6,,,-2.6104,1,,3/31/2026 7:50am,es-CO,vocab_word_puddle v1_6 es-CO,vocab_word_puddle v1_6 es-CO,1.000,-2.610,vocab_word_puddle-es-CO,1 checked out of 1,
vocab-es-CO-v1 pump,vocab-es-CO-v1_53,vocab-es-CO-v1,vocab-es-CO-v1,vocab-item-bank-es-CO,vocab,vocab,levante-vocabulary-dev,pump,vocab,pump,test_response,vocab-item-050,vocab-item-050,1,0.25,-1.86560000,,,pump,vocab_word_pump,vocab_word_pump,,,,,"coat,plug,scarf",clip,,,test,vocab-item-050,53,vocab__pump,,,,,,,,,3/31/2026 7:50am,0,"test pump pump coat,plug,scarf",word,pump,,,,vocab,,pump,vocab-es-CO-v1,,"vocab_word_pump v1_6 es-CO,vocab_word_pump v1_6 de-DE,vocab_word_pump v1_6 en-US",v1_6,,,-3.1206,1,,3/31/2026 7:50am,es-CO,vocab_word_pump v1_6 es-CO,vocab_word_pump v1_6 es-CO,1.000,-3.121,vocab_word_pump-es-CO,1 checked out of 1,
vocab-es-CO-v1 rice,vocab-es-CO-v1_54,vocab-es-CO-v1,vocab-es-CO-v1,vocab-item-bank-es-CO,vocab,vocab,levante-vocabulary-dev,rice,vocab,rice,test_response,vocab-item-051,vocab-item-051,1,0.25,,,,rice,vocab_word_rice,vocab_word_rice,,,,,"box,corn,bedpost",clip,,,test,vocab-item-051,54,vocab__rice,,,,,,,,,4/28/2026 8:00am,0,"test rice rice box,corn,bedpost",word,rice,,,,vocab,,rice,vocab-es-CO-v1,,"vocab_word_rice v1_6 es-CO,vocab_word_rice v1_6 de-DE",v1_6,,,-3.2552,1,,4/28/2026 8:00am,es-CO,vocab_word_rice v1_6 es-CO,vocab_word_rice v1_6 es-CO,1.000,-3.255,vocab_word_rice-es-CO,1 checked out of 1,
vocab-es-CO-v1 saddle,vocab-es-CO-v1_55,vocab-es-CO-v1,vocab-es-CO-v1,vocab-item-bank-es-CO,vocab,vocab,levante-vocabulary-dev,saddle,vocab,saddle,test_response,vocab-item-052,vocab-item-052,1,0.25,-2.48200000,,,saddle,vocab_word_saddle,vocab_word_saddle,,,,,"figurine,dogharness,broccoli",clip,,,test,vocab-item-052,55,vocab__saddle,,,,,,,,,4/28/2026 8:01am,0,"test saddle saddle figurine,dogharness,broccoli",word,saddle,,,,vocab,,saddle,vocab-es-CO-v1,,"vocab_word_saddle v1_6 es-CO,vocab_word_saddle v1_6 de-DE,vocab_word_saddle v1_6 en-US",v1_6,,,-3.3182,1,,4/28/2026 8:01am,es-CO,vocab_word_saddle v1_6 es-CO,vocab_word_saddle v1_6 es-CO,1.000,-3.318,vocab_word_saddle-es-CO,1 checked out of 1,
vocab-es-CO-v1 sandbag,vocab-es-CO-v1_56,vocab-es-CO-v1,vocab-es-CO-v1,vocab-item-bank-es-CO,vocab,vocab,levante-vocabulary-dev,sandbag,vocab,sandbag,test_response,vocab-item-053,vocab-item-053,1,0.25,-1.91660000,,,sandbag,vocab_word_sandbag,vocab_word_sandbag,,,,,"sandbox,valve,octopus",clip,,,test,vocab-item-053,56,vocab__sandbag,,,,,,,,,4/28/2026 8:03am,0,"test sandbag sandbag sandbox,valve,octopus",word,sandbag,,,,vocab,,sandbag,vocab-es-CO-v1,,"vocab_word_sandbag v1_6 es-CO,vocab_word_sandbag v1_6 de-DE,vocab_word_sandbag v1_6 en-US",v1_6,,,-2.4042,1,,4/28/2026 8:03am,es-CO,vocab_word_sandbag v1_6 es-CO,vocab_word_sandbag v1_6 es-CO,1.000,-2.404,vocab_word_sandbag-es-CO,1 checked out of 1,
vocab-es-CO-v1 scaffolding,vocab-es-CO-v1_57,vocab-es-CO-v1,vocab-es-CO-v1,vocab-item-bank-es-CO,vocab,vocab,levante-vocabulary-dev,scaffolding,vocab,scaffolding,test_response,vocab-item-054,vocab-item-054,1,0.25,-0.16180000,,,scaffolding,vocab_word_scaffolding,vocab_word_scaffolding,,,,,"satellite,veil,antelope",clip,,,test,vocab-item-054,57,vocab__scaffolding,,,,,,,,,3/31/2026 7:50am,0,"test scaffolding scaffolding satellite,veil,antelope",word,scaffolding,,,,vocab,,scaffolding,vocab-es-CO-v1,,"vocab_word_scaffolding v1_6 es-CO,vocab_word_scaffolding v1_6 de-DE,vocab_word_scaffolding v1_6 en-US",v1_6,,,2.0578,1,,3/31/2026 7:50am,es-CO,vocab_word_scaffolding v1_6 es-CO,vocab_word_scaffolding v1_6 es-CO,1.000,2.058,vocab_word_scaffolding-es-CO,1 checked out of 1,
vocab-es-CO-v1 scoop,vocab-es-CO-v1_58,vocab-es-CO-v1,vocab-es-CO-v1,vocab-item-bank-es-CO,vocab,vocab,levante-vocabulary-dev,scoop,vocab,scoop,test_response,vocab-item-055,vocab-item-055,1,0.25,-1.07530000,,,scoop,vocab_word_scoop,vocab_word_scoop,,,,,"sauce,statue,cauliflower",clip,,,test,vocab-item-055,58,vocab__scoop,,,,,,,,,3/31/2026 7:50am,0,"test scoop scoop sauce,statue,cauliflower",word,scoop,,,,vocab,,scoop,vocab-es-CO-v1,,"vocab_word_scoop v1_6 es-CO,vocab_word_scoop v1_6 de-DE,vocab_word_scoop v1_6 en-US",v1_6,,,-2.4319,1,,3/31/2026 7:50am,es-CO,vocab_word_scoop v1_6 es-CO,vocab_word_scoop v1_6 es-CO,1.000,-2.432,vocab_word_scoop-es-CO,1 checked out of 1,
vocab-es-CO-v1 seagull,vocab-es-CO-v1_59,vocab-es-CO-v1,vocab-es-CO-v1,vocab-item-bank-es-CO,vocab,vocab,levante-vocabulary-dev,seagull,vocab,seagull,test_response,vocab-item-056,vocab-item-056,1,0.25,-3.04020000,,,seagull,vocab_word_seagull,vocab_word_seagull,,,,,"lobster,pigeon,perfume",clip,,,test,vocab-item-056,59,vocab__seagull,,,,,,,,,3/31/2026 7:50am,0,"test seagull seagull lobster,pigeon,perfume",word,seagull,,,,vocab,,seagull,vocab-es-CO-v1,,"vocab_word_seagull v1_6 es-CO,vocab_word_seagull v1_6 de-DE,vocab_word_seagull v1_6 en-US",v1_6,,,-2.5194,1,,3/31/2026 7:50am,es-CO,vocab_word_seagull v1_6 es-CO,vocab_word_seagull v1_6 es-CO,1.000,-2.519,vocab_word_seagull-es-CO,1 checked out of 1,
vocab-es-CO-v1 ship,vocab-es-CO-v1_60,vocab-es-CO-v1,vocab-es-CO-v1,vocab-item-bank-es-CO,vocab,vocab,levante-vocabulary-dev,ship,vocab,ship,test_response,vocab-item-057,vocab-item-057,1,0.25,,,,ship,vocab_word_ship,vocab_word_ship,,,,,"boat,nose,zucchini",clip,,,test,vocab-item-057,60,vocab__ship,,,,,,,,,3/31/2026 7:50am,0,"test ship ship boat,nose,zucchini",word,ship,,,,vocab,,ship,vocab-es-CO-v1,,"vocab_word_ship v1_6 es-CO,vocab_word_ship v1_6 de-DE,vocab_word_ship v1_6 en-US",v1_6,,,0.0179,1,,3/31/2026 7:50am,es-CO,vocab_word_ship v1_6 es-CO,vocab_word_ship v1_6 es-CO,1.000,0.018,vocab_word_ship-es-CO,1 checked out of 1,
vocab-es-CO-v1 shower,vocab-es-CO-v1_61,vocab-es-CO-v1,vocab-es-CO-v1,vocab-item-bank-es-CO,vocab,vocab,levante-vocabulary-dev,shower,vocab,shower,test_response,vocab-item-058,vocab-item-058,1,0.25,-4.17590000,,,shower,vocab_word_shower,vocab_word_shower,,,,,"soap,toe,cantaloupe",clip,,,test,vocab-item-058,61,vocab__shower,,,,,,,,,3/31/2026 7:50am,0,"test shower shower soap,toe,cantaloupe",word,shower,,,,vocab,,shower,vocab-es-CO-v1,,"vocab_word_shower v1_6 es-CO,vocab_word_shower v1_6 de-DE,vocab_word_shower v1_6 en-US",v1_6,,,-3.2147,1,,3/31/2026 7:50am,es-CO,vocab_word_shower v1_6 es-CO,vocab_word_shower v1_6 es-CO,1.000,-3.215,vocab_word_shower-es-CO,1 checked out of 1,
vocab-es-CO-v1 silverware,vocab-es-CO-v1_62,vocab-es-CO-v1,vocab-es-CO-v1,vocab-item-bank-es-CO,vocab,vocab,levante-vocabulary-dev,silverware,vocab,silverware,test_response,vocab-item-059,vocab-item-059,1,0.25,-2.31360000,,,silverware,vocab_word_silverware,vocab_word_silverware,,,,,"garlic,trophy,eggnog",clip,,,test,vocab-item-059,62,vocab__silverware,,,,,,,,,3/31/2026 7:50am,0,"test silverware silverware garlic,trophy,eggnog",word,silverware,,,,vocab,,silverware,vocab-es-CO-v1,,"vocab_word_silverware v1_6 es-CO,vocab_word_silverware v1_6 de-DE,vocab_word_silverware v1_6 en-US",v1_6,,,-1.2916,1,,3/31/2026 7:50am,es-CO,vocab_word_silverware v1_6 es-CO,vocab_word_silverware v1_6 es-CO,1.000,-1.292,vocab_word_silverware-es-CO,1 checked out of 1,
vocab-es-CO-v1 sink,vocab-es-CO-v1_63,vocab-es-CO-v1,vocab-es-CO-v1,vocab-item-bank-es-CO,vocab,vocab,levante-vocabulary-dev,sink,vocab,sink,test_response,vocab-item-060,vocab-item-060,1,0.25,,,,sink,vocab_word_sink,vocab_word_sink,,,,,"laundrybasket,toilet,knitting",clip,,,test,vocab-item-060,63,vocab__sink,,,,,,,,,4/28/2026 8:04am,0,"test sink sink laundrybasket,toilet,knitting",word,sink,,,,vocab,,sink,vocab-es-CO-v1,,"vocab_word_sink v1_6 es-CO,vocab_word_sink v1_6 de-DE",v1_6,,,-0.1573,1,,4/28/2026 8:04am,es-CO,vocab_word_sink v1_6 es-CO,vocab_word_sink v1_6 es-CO,1.000,-0.157,vocab_word_sink-es-CO,1 checked out of 1,
vocab-es-CO-v1 ski,vocab-es-CO-v1_64,vocab-es-CO-v1,vocab-es-CO-v1,vocab-item-bank-es-CO,vocab,vocab,levante-vocabulary-dev,ski,vocab,ski,test_response,vocab-item-061,vocab-item-061,1,0.25,-3.34040000,,,ski,vocab_word_ski,vocab_word_ski,,,,,"ice,suitcase,pincushion",clip,,,test,vocab-item-061,64,vocab__ski,,,,,,,,,3/31/2026 7:50am,0,"test ski ski ice,suitcase,pincushion",word,ski,,,,vocab,,ski,vocab-es-CO-v1,,"vocab_word_ski v1_6 es-CO,vocab_word_ski v1_6 de-DE,vocab_word_ski v1_6 en-US",v1_6,,,-0.1970,1,,3/31/2026 7:50am,es-CO,vocab_word_ski v1_6 es-CO,vocab_word_ski v1_6 es-CO,1.000,-0.197,vocab_word_ski-es-CO,1 checked out of 1,
vocab-es-CO-v1 sloth,vocab-es-CO-v1_65,vocab-es-CO-v1,vocab-es-CO-v1,vocab-item-bank-es-CO,vocab,vocab,levante-vocabulary-dev,sloth,vocab,sloth,test_response,vocab-item-062,vocab-item-062,1,0.25,-3.04090000,,,sloth,vocab_word_sloth,vocab_word_sloth,,,,,"clam,donkey,incense",clip,,,test,vocab-item-062,65,vocab__sloth,,,,,,,,,3/31/2026 7:50am,0,"test sloth sloth clam,donkey,incense",word,sloth,,,,vocab,,sloth,vocab-es-CO-v1,,"vocab_word_sloth v1_6 es-CO,vocab_word_sloth v1_6 de-DE,vocab_word_sloth v1_6 en-US",v1_6,,,-2.9265,1,,3/31/2026 7:50am,es-CO,vocab_word_sloth v1_6 es-CO,vocab_word_sloth v1_6 es-CO,1.000,-2.927,vocab_word_sloth-es-CO,1 checked out of 1,
vocab-es-CO-v1 snail,vocab-es-CO-v1_66,vocab-es-CO-v1,vocab-es-CO-v1,vocab-item-bank-es-CO,vocab,vocab,levante-vocabulary-dev,snail,vocab,snail,test_response,vocab-item-063,vocab-item-063,1,0.25,-2.63480000,,,snail,vocab_word_snail,vocab_word_snail,,,,,"cow,worm,visor",clip,,,test,vocab-item-063,66,vocab__snail,,,,,,,,,3/31/2026 7:50am,0,"test snail snail cow,worm,visor",word,snail,,,,vocab,,snail,vocab-es-CO-v1,,"vocab_word_snail v1_6 es-CO,vocab_word_snail v1_6 de-DE,vocab_word_snail v1_6 en-US",v1_6,,,-3.6201,1,,3/31/2026 7:50am,es-CO,vocab_word_snail v1_6 es-CO,vocab_word_snail v1_6 es-CO,1.000,-3.620,vocab_word_snail-es-CO,1 checked out of 1,
vocab-es-CO-v1 spatula,vocab-es-CO-v1_68,vocab-es-CO-v1,vocab-es-CO-v1,vocab-item-bank-es-CO,vocab,vocab,levante-vocabulary-dev,spatula,vocab,spatula,test_response,vocab-item-065,vocab-item-065,1,0.25,-1.94410000,,,spatula,vocab_word_spatula,vocab_word_spatula,,,,,"pan,paddle,pheasant",clip,,,test,vocab-item-065,68,vocab__spatula,,,,,,,,,4/28/2026 8:09am,0,"test spatula spatula pan,paddle,pheasant",word,spatula,,,,vocab,,spatula,vocab-es-CO-v1,,"vocab_word_spatula v1_6 es-CO,vocab_word_spatula v1_6 de-DE,vocab_word_spatula v1_6 en-US",v1_6,,,-0.3483,1,,4/28/2026 8:09am,es-CO,vocab_word_spatula v1_6 es-CO,vocab_word_spatula v1_6 es-CO,1.000,-0.348,vocab_word_spatula-es-CO,1 checked out of 1,
vocab-es-CO-v1 sprinkler,vocab-es-CO-v1_69,vocab-es-CO-v1,vocab-es-CO-v1,vocab-item-bank-es-CO,vocab,vocab,levante-vocabulary-dev,sprinkler,vocab,sprinkler,test_response,vocab-item-066,vocab-item-066,1,0.25,-2.51250000,,,sprinkler,vocab_word_sprinkler,vocab_word_sprinkler,,,,,"flower,sparkler,charcoal",clip,,,test,vocab-item-066,69,vocab__sprinkler,,,,,,,,,3/31/2026 7:50am,0,"test sprinkler sprinkler flower,sparkler,charcoal",word,sprinkler,,,,vocab,,sprinkler,vocab-es-CO-v1,,"vocab_word_sprinkler v1_6 es-CO,vocab_word_sprinkler v1_6 de-DE,vocab_word_sprinkler v1_6 en-US",v1_6,,,0.3595,1,,3/31/2026 7:50am,es-CO,vocab_word_sprinkler v1_6 es-CO,vocab_word_sprinkler v1_6 es-CO,1.000,0.360,vocab_word_sprinkler-es-CO,1 checked out of 1,
vocab-es-CO-v1 squash,vocab-es-CO-v1_70,vocab-es-CO-v1,vocab-es-CO-v1,vocab-item-bank-es-CO,vocab,vocab,levante-vocabulary-dev,squash,vocab,squash,test_response,vocab-item-067,vocab-item-067,1,0.25,,,,squash,vocab_word_squash,vocab_word_squash,,,,,"branch,pumpkin,gazelle",clip,,,test,vocab-item-067,70,vocab__squash,,,,,,,,,3/12/2026 3:32pm,0,"test squash squash branch,pumpkin,gazelle",word,squash,,,,vocab,,squash,vocab-es-CO-v1,,,v1_6,,,,,,3/12/2026 3:32pm,es-CO,vocab_word_squash v1_6 es-CO,,,,vocab_word_squash-es-CO,1 checked out of 1,
vocab-es-CO-v1 squirrel,vocab-es-CO-v1_71,vocab-es-CO-v1,vocab-es-CO-v1,vocab-item-bank-es-CO,vocab,vocab,levante-vocabulary-dev,squirrel,vocab,squirrel,test_response,vocab-item-068,vocab-item-068,1,0.25,,,,squirrel,vocab_word_squirrel,vocab_word_squirrel,,,,,"eagle,monkey,shorts",clip,,,test,vocab-item-068,71,vocab__squirrel,,,,,,,,,3/31/2026 7:50am,0,"test squirrel squirrel eagle,monkey,shorts",word,squirrel,,,,vocab,,squirrel,vocab-es-CO-v1,,"vocab_word_squirrel v1_6 es-CO,vocab_word_squirrel v1_6 de-DE",v1_6,,,-3.2724,1,,3/31/2026 7:50am,es-CO,vocab_word_squirrel v1_6 es-CO,vocab_word_squirrel v1_6 es-CO,1.000,-3.272,vocab_word_squirrel-es-CO,1 checked out of 1,
vocab-es-CO-v1 stew,vocab-es-CO-v1_72,vocab-es-CO-v1,vocab-es-CO-v1,vocab-item-bank-es-CO,vocab,vocab,levante-vocabulary-dev,stew,vocab,stew,test_response,vocab-item-069,vocab-item-069,1,0.25,-0.04460000,,,stew,vocab_word_stew,vocab_word_stew,,,,,"pan,soup,orchid",clip,,,test,vocab-item-069,72,vocab__stew,,,,,,,,,4/28/2026 8:09am,0,"test stew stew pan,soup,orchid",word,stew,,,,vocab,,stew,vocab-es-CO-v1,,"vocab_word_stew v1_6 es-CO,vocab_word_stew v1_6 de-DE,vocab_word_stew v1_6 en-US",v1_6,,,-0.4153,1,,4/28/2026 8:09am,es-CO,vocab_word_stew v1_6 es-CO,vocab_word_stew v1_6 es-CO,1.000,-0.415,vocab_word_stew-es-CO,1 checked out of 1,
vocab-es-CO-v1 rubber_band,vocab-es-CO-v1_73,vocab-es-CO-v1,vocab-es-CO-v1,vocab-item-bank-es-CO,vocab,vocab,levante-vocabulary-dev,rubber_band,vocab,rubber band,test_response,vocab-item-070,vocab-item-070,1,0.25,,,,rubber band,vocab_word_rubberband,vocab_word_rubberband,,,,,"drill,thermostat,vase",clip,,,test,vocab-item-070,73,vocab__rubberband,,,,,,,,,3/31/2026 7:50am,0,"test rubber band rubber band drill,thermostat,vase",word,rubberband,,,,vocab,,rubber_band,vocab-es-CO-v1,,"vocab_word_rubberband v1_6 es-CO,vocab_word_rubberband v1_6 de-DE",v1_6,,,-1.2780,1,,3/31/2026 7:50am,es-CO,vocab_word_rubberband v1_6 es-CO,vocab_word_rubberband v1_6 es-CO,1.000,-1.278,vocab_word_rubberband-es-CO,1 checked out of 1,
vocab-es-CO-v1 stump,vocab-es-CO-v1_74,vocab-es-CO-v1,vocab-es-CO-v1,vocab-item-bank-es-CO,vocab,vocab,levante-vocabulary-dev,stump,vocab,stump,test_response,vocab-item-071,vocab-item-071,1,0.25,-1.74370000,,,stump,vocab_word_stump,vocab_word_stump,,,,,"bookshelf,log,showerhead",clip,,,test,vocab-item-071,74,vocab__stump,,,,,,,,,3/31/2026 7:50am,0,"test stump stump bookshelf,log,showerhead",word,stump,,,,vocab,,stump,vocab-es-CO-v1,,"vocab_word_stump v1_6 es-CO,vocab_word_stump v1_6 de-DE,vocab_word_stump v1_6 en-US",v1_6,,,2.6967,1,,3/31/2026 7:50am,es-CO,vocab_word_stump v1_6 es-CO,vocab_word_stump v1_6 es-CO,1.000,2.697,vocab_word_stump-es-CO,1 checked out of 1,
vocab-es-CO-v1 sunflower,vocab-es-CO-v1_75,vocab-es-CO-v1,vocab-es-CO-v1,vocab-item-bank-es-CO,vocab,vocab,levante-vocabulary-dev,sunflower,vocab,sunflower,test_response,vocab-item-072,vocab-item-072,1,0.25,-4.15550000,,,sunflower,vocab_word_sunflower,vocab_word_sunflower,,,,,"pineapple,rim,pinball",clip,,,test,vocab-item-072,75,vocab__sunflower,,,,,,,,,3/31/2026 7:50am,0,"test sunflower sunflower pineapple,rim,pinball",word,sunflower,,,,vocab,,sunflower,vocab-es-CO-v1,,"vocab_word_sunflower v1_6 es-CO,vocab_word_sunflower v1_6 de-DE,vocab_word_sunflower v1_6 en-US",v1_6,,,-2.2578,1,,3/31/2026 7:50am,es-CO,vocab_word_sunflower v1_6 es-CO,vocab_word_sunflower v1_6 es-CO,1.000,-2.258,vocab_word_sunflower-es-CO,1 checked out of 1,
vocab-es-CO-v1 swordfish,vocab-es-CO-v1_76,vocab-es-CO-v1,vocab-es-CO-v1,vocab-item-bank-es-CO,vocab,vocab,levante-vocabulary-dev,swordfish,vocab,swordfish,test_response,vocab-item-073,vocab-item-073,1,0.25,-0.42910000,,,swordfish,vocab_word_swordfish,vocab_word_swordfish,,,,,"catfish,leopard,graffiti",clip,,,test,vocab-item-073,76,vocab__swordfish,,,,,,,,,3/31/2026 7:50am,0,"test swordfish swordfish catfish,leopard,graffiti",word,swordfish,,,,vocab,,swordfish,vocab-es-CO-v1,,"vocab_word_swordfish v1_6 es-CO,vocab_word_swordfish v1_6 de-DE,vocab_word_swordfish v1_6 en-US",v1_6,,,1.6240,1,,3/31/2026 7:50am,es-CO,vocab_word_swordfish v1_6 es-CO,vocab_word_swordfish v1_6 es-CO,1.000,1.624,vocab_word_swordfish-es-CO,1 checked out of 1,
vocab-es-CO-v1 tapestry,vocab-es-CO-v1_77,vocab-es-CO-v1,vocab-es-CO-v1,vocab-item-bank-es-CO,vocab,vocab,levante-vocabulary-dev,tapestry,vocab,tapestry,test_response,vocab-item-074,vocab-item-074,1,0.25,-0.89790000,,,tapestry,vocab_word_tapestry,vocab_word_tapestry,,,,,"backdrop,brickwall,forklift",clip,,,test,vocab-item-074,77,vocab__tapestry,,,,,,,,,4/28/2026 8:12am,0,"test tapestry tapestry backdrop,brickwall,forklift",word,tapestry,,,,vocab,,tapestry,vocab-es-CO-v1,,"vocab_word_tapestry v1_6 es-CO,vocab_word_tapestry v1_6 de-DE,vocab_word_tapestry v1_6 en-US",v1_6,,,2.4138,1,,4/28/2026 8:12am,es-CO,vocab_word_tapestry v1_6 es-CO,vocab_word_tapestry v1_6 es-CO,1.000,2.414,vocab_word_tapestry-es-CO,1 checked out of 1,
vocab-es-CO-v1 teabag,vocab-es-CO-v1_78,vocab-es-CO-v1,vocab-es-CO-v1,vocab-item-bank-es-CO,vocab,vocab,levante-vocabulary-dev,teabag,vocab,teabag,test_response,vocab-item-075,vocab-item-075,1,0.25,,,,teabag,vocab_word_teabag,vocab_word_teabag,,,,,"fingerprint,tea,braid",clip,,,test,vocab-item-075,78,vocab__teabag,,,,,,,,,3/31/2026 7:50am,0,"test teabag teabag fingerprint,tea,braid",word,teabag,,,,vocab,,teabag,vocab-es-CO-v1,,"vocab_word_teabag v1_6 es-CO,vocab_word_teabag v1_6 de-DE,vocab_word_teabag v1_6 en-US",v1_6,,,-0.6121,1,,3/31/2026 7:50am,es-CO,vocab_word_teabag v1_6 es-CO,vocab_word_teabag v1_6 es-CO,1.000,-0.612,vocab_word_teabag-es-CO,1 checked out of 1,
vocab-es-CO-v1 telescope,vocab-es-CO-v1_79,vocab-es-CO-v1,vocab-es-CO-v1,vocab-item-bank-es-CO,vocab,vocab,levante-vocabulary-dev,telescope,vocab,telescope,test_response,vocab-item-076,vocab-item-076,1,0.25,-3.36390000,,,telescope,vocab_word_telescope,vocab_word_telescope,,,,,"tripod,windshield,anklet",clip,,,test,vocab-item-076,79,vocab__telescope,,,,,,,,,3/31/2026 7:50am,0,"test telescope telescope tripod,windshield,anklet",word,telescope,,,,vocab,,telescope,vocab-es-CO-v1,,"vocab_word_telescope v1_6 es-CO,vocab_word_telescope v1_6 de-DE,vocab_word_telescope v1_6 en-US",v1_6,,,-2.2057,1,,3/31/2026 7:50am,es-CO,vocab_word_telescope v1_6 es-CO,vocab_word_telescope v1_6 es-CO,1.000,-2.206,vocab_word_telescope-es-CO,1 checked out of 1,
vocab-es-CO-v1 thermos,vocab-es-CO-v1_80,vocab-es-CO-v1,vocab-es-CO-v1,vocab-item-bank-es-CO,vocab,vocab,levante-vocabulary-dev,thermos,vocab,thermos,test_response,vocab-item-077,vocab-item-077,1,0.25,-0.42680000,,,thermos,vocab_word_thermos,vocab_word_thermos,,,,,"firewood,teapot,coral",clip,,,test,vocab-item-077,80,vocab__thermos,,,,,,,,,4/28/2026 8:13am,0,"test thermos thermos firewood,teapot,coral",word,thermos,,,,vocab,,thermos,vocab-es-CO-v1,,"vocab_word_thermos v1_6 es-CO,vocab_word_thermos v1_6 de-DE,vocab_word_thermos v1_6 en-US",v1_6,,,-2.8063,1,,4/28/2026 8:13am,es-CO,vocab_word_thermos v1_6 es-CO,vocab_word_thermos v1_6 es-CO,1.000,-2.806,vocab_word_thermos-es-CO,1 checked out of 1,
vocab-es-CO-v1 treasure,vocab-es-CO-v1_81,vocab-es-CO-v1,vocab-es-CO-v1,vocab-item-bank-es-CO,vocab,vocab,levante-vocabulary-dev,treasure,vocab,treasure,test_response,vocab-item-078,vocab-item-078,1,0.25,-3.18660000,,,treasure,vocab_word_treasure,vocab_word_treasure,,,,,"gift,rope,lamp",clip,,,test,vocab-item-078,81,vocab__treasure,,,,,,,,,3/31/2026 7:50am,0,"test treasure treasure gift,rope,lamp",word,treasure,,,,vocab,,treasure,vocab-es-CO-v1,,"vocab_word_treasure v1_6 es-CO,vocab_word_treasure v1_6 de-DE,vocab_word_treasure v1_6 en-US",v1_6,,,-0.9361,1,,3/31/2026 7:50am,es-CO,vocab_word_treasure v1_6 es-CO,vocab_word_treasure v1_6 es-CO,1.000,-0.936,vocab_word_treasure-es-CO,1 checked out of 1,
vocab-es-CO-v1 trumpet,vocab-es-CO-v1_82,vocab-es-CO-v1,vocab-es-CO-v1,vocab-item-bank-es-CO,vocab,vocab,levante-vocabulary-dev,trumpet,vocab,trumpet,test_response,vocab-item-079,vocab-item-079,1,0.25,,,,trumpet,vocab_word_trumpet,vocab_word_trumpet,,,,,"flute,violin,coleslaw",clip,,,test,vocab-item-079,82,vocab__trumpet,,,,,,,,,3/31/2026 7:50am,0,"test trumpet trumpet flute,violin,coleslaw",word,trumpet,,,,vocab,,trumpet,vocab-es-CO-v1,,"vocab_word_trumpet v1_6 es-CO,vocab_word_trumpet v1_6 de-DE",v1_6,,,-2.8625,1,,3/31/2026 7:50am,es-CO,vocab_word_trumpet v1_6 es-CO,vocab_word_trumpet v1_6 es-CO,1.000,-2.863,vocab_word_trumpet-es-CO,1 checked out of 1,
vocab-es-CO-v1 tulip,vocab-es-CO-v1_83,vocab-es-CO-v1,vocab-es-CO-v1,vocab-item-bank-es-CO,vocab,vocab,levante-vocabulary-dev,tulip,vocab,tulip,test_response,vocab-item-080,vocab-item-080,1,0.25,-1.37360000,,,tulip,vocab_word_tulip,vocab_word_tulip,,,,,"glove,rose,hubcap",clip,,,test,vocab-item-080,83,vocab__tulip,,,,,,,,,3/31/2026 7:50am,0,"test tulip tulip glove,rose,hubcap",word,tulip,,,,vocab,,tulip,vocab-es-CO-v1,,"vocab_word_tulip v1_6 es-CO,vocab_word_tulip v1_6 de-DE,vocab_word_tulip v1_6 en-US",v1_6,,,0.9871,1,,3/31/2026 7:50am,es-CO,vocab_word_tulip v1_6 es-CO,vocab_word_tulip v1_6 es-CO,1.000,0.987,vocab_word_tulip-es-CO,1 checked out of 1,
vocab-es-CO-v1 turbine,vocab-es-CO-v1_84,vocab-es-CO-v1,vocab-es-CO-v1,vocab-item-bank-es-CO,vocab,vocab,levante-vocabulary-dev,turbine,vocab,turbine,test_response,vocab-item-081,vocab-item-081,1,0.25,0.18840000,,,turbine,vocab_word_turbine,vocab_word_turbine,,,,,"generator,tab,pesto",clip,,,test,vocab-item-081,84,vocab__turbine,,,,,,,,,3/31/2026 7:50am,0,"test turbine turbine generator,tab,pesto",word,turbine,,,,vocab,,turbine,vocab-es-CO-v1,,"vocab_word_turbine v1_6 es-CO,vocab_word_turbine v1_6 de-DE,vocab_word_turbine v1_6 en-US",v1_6,,,0.4801,1,,3/31/2026 7:50am,es-CO,vocab_word_turbine v1_6 es-CO,vocab_word_turbine v1_6 es-CO,1.000,0.480,vocab_word_turbine-es-CO,1 checked out of 1,
vocab-es-CO-v1 turkey,vocab-es-CO-v1_85,vocab-es-CO-v1,vocab-es-CO-v1,vocab-item-bank-es-CO,vocab,vocab,levante-vocabulary-dev,turkey,vocab,turkey,test_response,vocab-item-082,vocab-item-082,1,0.25,-4.43430000,,,turkey,vocab_word_turkey,vocab_word_turkey,,,,,"goat,swan,pencil",clip,,,test,vocab-item-082,85,vocab__turkey,,,,,,,,,3/31/2026 7:50am,0,"test turkey turkey goat,swan,pencil",word,turkey,,,,vocab,,turkey,vocab-es-CO-v1,,"vocab_word_turkey v1_6 es-CO,vocab_word_turkey v1_6 de-DE,vocab_word_turkey v1_6 en-US",v1_6,,,-1.1118,1,,3/31/2026 7:50am,es-CO,vocab_word_turkey v1_6 es-CO,vocab_word_turkey v1_6 es-CO,1.000,-1.112,vocab_word_turkey-es-CO,1 checked out of 1,
vocab-es-CO-v1 turtle,vocab-es-CO-v1_86,vocab-es-CO-v1,vocab-es-CO-v1,vocab-item-bank-es-CO,vocab,vocab,levante-vocabulary-dev,turtle,vocab,turtle,test_response,vocab-item-083,vocab-item-083,1,0.25,,,,turtle,vocab_word_turtle,vocab_word_turtle,,,,,"frog,horse,railing",clip,,,test,vocab-item-083,86,vocab__turtle,,,,,,,,,3/31/2026 7:50am,0,"test turtle turtle frog,horse,railing",word,turtle,,,,vocab,,turtle,vocab-es-CO-v1,,"vocab_word_turtle v1_6 es-CO,vocab_word_turtle v1_6 de-DE",v1_6,,,-3.3815,1,,3/31/2026 7:50am,es-CO,vocab_word_turtle v1_6 es-CO,vocab_word_turtle v1_6 es-CO,1.000,-3.382,vocab_word_turtle-es-CO,1 checked out of 1,
vocab-es-CO-v1 typewriter,vocab-es-CO-v1_87,vocab-es-CO-v1,vocab-es-CO-v1,vocab-item-bank-es-CO,vocab,vocab,levante-vocabulary-dev,typewriter,vocab,typewriter,test_response,vocab-item-084,vocab-item-084,1,0.25,,,,typewriter,vocab_word_typewriter,vocab_word_typewriter,,,,,"printer,sunglasses,drumstick",clip,,,test,vocab-item-084,87,vocab__typewriter,,,,,,,,,3/31/2026 7:50am,0,"test typewriter typewriter printer,sunglasses,drumstick",word,typewriter,,,,vocab,,typewriter,vocab-es-CO-v1,,"vocab_word_typewriter v1_6 es-CO,vocab_word_typewriter v1_6 de-DE,vocab_word_typewriter v1_6 en-US",v1_6,,,-0.3724,1,,3/31/2026 7:50am,es-CO,vocab_word_typewriter v1_6 es-CO,vocab_word_typewriter v1_6 es-CO,1.000,-0.372,vocab_word_typewriter-es-CO,1 checked out of 1,
vocab-es-CO-v1 watermelon,vocab-es-CO-v1_88,vocab-es-CO-v1,vocab-es-CO-v1,vocab-item-bank-es-CO,vocab,vocab,levante-vocabulary-dev,watermelon,vocab,watermelon,test_response,vocab-item-085,vocab-item-085,1,0.25,,,,watermelon,vocab_word_watermelon,vocab_word_watermelon,,,,,"screwdriver,strawberry,crane",clip,,,test,vocab-item-085,88,vocab__watermelon,,,,,,,,,3/31/2026 7:50am,0,"test watermelon watermelon screwdriver,strawberry,crane",word,watermelon,,,,vocab,,watermelon,vocab-es-CO-v1,,"vocab_word_watermelon v1_6 es-CO,vocab_word_watermelon v1_6 de-DE",v1_6,,,-3.4542,1,,3/31/2026 7:50am,es-CO,vocab_word_watermelon v1_6 es-CO,vocab_word_watermelon v1_6 es-CO,1.000,-3.454,vocab_word_watermelon-es-CO,1 checked out of 1,
vocab-es-CO-v1 waterwheel,vocab-es-CO-v1_89,vocab-es-CO-v1,vocab-es-CO-v1,vocab-item-bank-es-CO,vocab,vocab,levante-vocabulary-dev,waterwheel,vocab,waterwheel,test_response,vocab-item-086,vocab-item-086,1,0.25,,,,waterwheel,vocab_word_waterwheel,vocab_word_waterwheel,,,,,"pinwheel,target,boa",clip,,,test,vocab-item-086,89,vocab__waterwheel,,,,,,,,,3/31/2026 7:50am,0,"test waterwheel waterwheel pinwheel,target,boa",word,waterwheel,,,,vocab,,waterwheel,vocab-es-CO-v1,,"vocab_word_waterwheel v1_6 es-CO,vocab_word_waterwheel v1_6 de-DE,vocab_word_waterwheel v1_6 en-US",v1_6,,,0.0834,1,,3/31/2026 7:50am,es-CO,vocab_word_waterwheel v1_6 es-CO,vocab_word_waterwheel v1_6 es-CO,1.000,0.083,vocab_word_waterwheel-es-CO,1 checked out of 1,
vocab-es-CO-v1 ant,vocab-es-CO-v1_90,vocab-es-CO-v1,vocab-es-CO-v1,vocab-item-bank-es-CO,vocab,vocab,levante-vocabulary-dev,ant,vocab,ant,test_response,vocab-item-087,vocab-item-087,1,0.25,,,,ant,vocab_word_ant,vocab_word_ant,,,,,"muffin,raspberry,mint",clip,,,catch,vocab-item-087,90,vocab__ant,,,,,,,,,3/31/2026 7:50am,0,"catch ant ant muffin,raspberry,mint",word,ant,,,,vocab,,ant,vocab-es-CO-v1,,"vocab_word_ant v1_6 es-CO,vocab_word_ant v1_6 de-DE",v1_6,,,-3.4456,1,,3/31/2026 7:50am,es-CO,vocab_word_ant v1_6 es-CO,vocab_word_ant v1_6 es-CO,1.000,-3.446,vocab_word_ant-es-CO,1 checked out of 1,
vocab-es-CO-v1 ball,vocab-es-CO-v1_91,vocab-es-CO-v1,vocab-es-CO-v1,vocab-item-bank-es-CO,vocab,vocab,levante-vocabulary-dev,ball,vocab,ball,test_response,vocab-item-088,vocab-item-088,1,0.25,-4.44740000,,,ball,vocab_word_ball,vocab_word_ball,,,,,"pen,peach,snack",clip,,,catch,vocab-item-088,91,vocab__ball,,,,,,,,,3/31/2026 7:50am,0,"catch ball ball pen,peach,snack",word,ball,,,,vocab,,ball,vocab-es-CO-v1,,"vocab_word_ball v1_6 es-CO,vocab_word_ball v1_6 de-DE,vocab_word_ball v1_6 en-US",v1_6,,,-2.8178,1,,3/31/2026 7:50am,es-CO,vocab_word_ball v1_6 es-CO,vocab_word_ball v1_6 es-CO,1.000,-2.818,vocab_word_ball-es-CO,1 checked out of 1,
vocab-es-CO-v1 bear,vocab-es-CO-v1_92,vocab-es-CO-v1,vocab-es-CO-v1,vocab-item-bank-es-CO,vocab,vocab,levante-vocabulary-dev,bear,vocab,bear,test_response,vocab-item-089,vocab-item-089,1,0.25,-4.51340000,,,bear,vocab_word_bear,vocab_word_bear,,,,,"mirror,saw,bell",clip,,,catch,vocab-item-089,92,vocab__bear,,,,,,,,,3/31/2026 7:50am,0,"catch bear bear mirror,saw,bell",word,bear,,,,vocab,,bear,vocab-es-CO-v1,,"vocab_word_bear v1_6 es-CO,vocab_word_bear v1_6 de-DE",v1_6,,,-3.7883,1,,3/31/2026 7:50am,es-CO,vocab_word_bear v1_6 es-CO,vocab_word_bear v1_6 es-CO,1.000,-3.788,vocab_word_bear-es-CO,1 checked out of 1,
vocab-es-CO-v1 duck,vocab-es-CO-v1_93,vocab-es-CO-v1,vocab-es-CO-v1,vocab-item-bank-es-CO,vocab,vocab,levante-vocabulary-dev,duck,vocab,duck,test_response,vocab-item-090,vocab-item-090,1,0.25,,,,duck,vocab_word_duck,vocab_word_duck,,,,,"tongue,ladder,snake",clip,,,practice,vocab-item-090,93,vocab__duck,,,,,,,,,3/12/2026 3:32pm,0,"practice duck duck tongue,ladder,snake",word,duck,,,,vocab,,duck,vocab-es-CO-v1,,,v1_6,,,,,,3/12/2026 3:32pm,es-CO,vocab_word_duck v1_6 es-CO,,,,vocab_word_duck-es-CO,1 checked out of 1,
vocab-es-CO-v1 fork,vocab-es-CO-v1_94,vocab-es-CO-v1,vocab-es-CO-v1,vocab-item-bank-es-CO,vocab,vocab,levante-vocabulary-dev,fork,vocab,fork,test_response,vocab-item-091,vocab-item-091,1,0.25,,,,fork,vocab_word_fork,vocab_word_fork,,,,,"crow,wagon,bead",clip,,,practice,vocab-item-091,94,vocab__fork,,,,,,,,,3/12/2026 3:32pm,0,"practice fork fork crow,wagon,bead",word,fork,,,,vocab,,fork,vocab-es-CO-v1,,,v1_6,,,,,,3/12/2026 3:32pm,es-CO,vocab_word_fork v1_6 es-CO,,,,vocab_word_fork-es-CO,1 checked out of 1,
vocab-es-CO-v1 kitten,vocab-es-CO-v1_95,vocab-es-CO-v1,vocab-es-CO-v1,vocab-item-bank-es-CO,vocab,vocab,levante-vocabulary-dev,kitten,vocab,kitten,test_response,vocab-item-092,vocab-item-092,1,0.25,,,,kitten,vocab_word_kitten,vocab_word_kitten,,,,,"wrist,pillow,mattress",clip,,,practice,vocab-item-092,95,vocab__kitten,,,,,,,,,3/12/2026 3:32pm,0,"practice kitten kitten wrist,pillow,mattress",word,kitten,,,,vocab,,kitten,vocab-es-CO-v1,,,v1_6,,,,,,3/12/2026 3:32pm,es-CO,vocab_word_kitten v1_6 es-CO,,,,vocab_word_kitten-es-CO,1 checked out of 1,
vocab-es-CO-v1 knee,vocab-es-CO-v1_96,vocab-es-CO-v1,vocab-es-CO-v1,vocab-item-bank-es-CO,vocab,vocab,levante-vocabulary-dev,knee,vocab,knee,test_response,vocab-item-093,vocab-item-093,1,0.25,,,,knee,vocab_word_knee,vocab_word_knee,,,,,"face,leash,sock",clip,,,practice,vocab-item-093,96,vocab__knee,,,,,,,,,3/12/2026 3:32pm,0,"practice knee knee face,leash,sock",word,knee,,,,vocab,,knee,vocab-es-CO-v1,,,v1_6,,,,,,3/12/2026 3:32pm,es-CO,vocab_word_knee v1_6 es-CO,,,,vocab_word_knee-es-CO,1 checked out of 1,
vocab-es-CO-v1 milkshake,vocab-es-CO-v1_97,vocab-es-CO-v1,vocab-es-CO-v1,vocab-item-bank-es-CO,vocab,vocab,levante-vocabulary-dev,milkshake,vocab,milkshake,test_response,vocab-item-094,vocab-item-094,1,0.25,,,,milkshake,vocab_word_milkshake,vocab_word_milkshake,,,,,"pan,needle,gate",clip,,,practice,vocab-item-094,97,vocab__milkshake,,,,,,,,,3/12/2026 3:32pm,0,"practice milkshake milkshake pan,needle,gate",word,milkshake,,,,vocab,,milkshake,vocab-es-CO-v1,,,v1_6,,,,,,3/12/2026 3:32pm,es-CO,vocab_word_milkshake v1_6 es-CO,,,,vocab_word_milkshake-es-CO,1 checked out of 1,
vocab-es-CO-v1 skin,vocab-es-CO-v1_98,vocab-es-CO-v1,vocab-es-CO-v1,vocab-item-bank-es-CO,vocab,vocab,levante-vocabulary-dev,skin,vocab,skin,test_response,vocab-item-095,vocab-item-095,1,0.25,,,,skin,vocab_word_skin,vocab_word_skin,,,,,"cardboard,drum,clock",clip,,,practice,vocab-item-095,98,vocab__skin,,,,,,,,,3/12/2026 3:32pm,0,"practice skin skin cardboard,drum,clock",word,skin,,,,vocab,,skin,vocab-es-CO-v1,,,v1_6,,,,,,3/12/2026 3:32pm,es-CO,vocab_word_skin v1_6 es-CO,,,,vocab_word_skin-es-CO,1 checked out of 1,
vocab-es-CO-v1 wall,vocab-es-CO-v1_99,vocab-es-CO-v1,vocab-es-CO-v1,vocab-item-bank-es-CO,vocab,vocab,levante-vocabulary-dev,wall,vocab,wall,test_response,vocab-item-096,vocab-item-096,1,0.25,,,,wall,vocab_word_wall,vocab_word_wall,,,,,"knob,sponge,robot",clip,,,practice,vocab-item-096,99,vocab__wall,,,,,,,,,3/12/2026 3:32pm,0,"practice wall wall knob,sponge,robot",word,wall,,,,vocab,,wall,vocab-es-CO-v1,,,v1_6,,,,,,3/12/2026 3:32pm,es-CO,vocab_word_wall v1_6 es-CO,,,,vocab_word_wall-es-CO,1 checked out of 1,
vocab-es-CO-v1 wheel,vocab-es-CO-v1_100,vocab-es-CO-v1,vocab-es-CO-v1,vocab-item-bank-es-CO,vocab,vocab,levante-vocabulary-dev,wheel,vocab,wheel,test_response,vocab-item-097,vocab-item-097,1,0.25,,,,wheel,vocab_word_wheel,vocab_word_wheel,,,,,"fish,bowl,meat",clip,,,practice,vocab-item-097,100,vocab__wheel,,,,,,,,,3/12/2026 3:32pm,0,"practice wheel wheel fish,bowl,meat",word,wheel,,,,vocab,,wheel,vocab-es-CO-v1,,,v1_6,,,,,,3/12/2026 3:32pm,es-CO,vocab_word_wheel v1_6 es-CO,,,,vocab_word_wheel-es-CO,1 checked out of 1,
vocab-es-CO-v1 farm,vocab-es-CO-v1_101,vocab-es-CO-v1,vocab-es-CO-v1,vocab-item-bank-es-CO,vocab,vocab,levante-vocabulary-dev,farm,vocab,farm,test_response,vocab-item-098,vocab-item-098,1,0.25,,,,farm,vocab_word_farm,vocab_word_farm,,,,,"zoo,park,forest",manual,,,test,vocab-item-098,101,vocab__farm,,,,,,,,,3/31/2026 7:50am,0,"test farm farm zoo,park,forest",word,farm,,,,vocab,,farm,vocab-es-CO-v1,,"vocab_word_farm v1_6 es-CO,vocab_word_farm v1_6 de-DE,vocab_word_farm v1_6 en-US",v1_6,,,-0.8182,1,,3/31/2026 7:50am,es-CO,vocab_word_farm v1_6 es-CO,vocab_word_farm v1_6 es-CO,1.000,-0.818,vocab_word_farm-es-CO,1 checked out of 1,
vocab-es-CO-v1 juggling,vocab-es-CO-v1_102,vocab-es-CO-v1,vocab-es-CO-v1,vocab-item-bank-es-CO,vocab,vocab,levante-vocabulary-dev,juggling,vocab,juggling,test_response,vocab-item-099,vocab-item-099,1,0.25,,,,juggling,vocab_word_juggling,vocab_word_juggling,,,,,"running,biking,playing",manual,,,test,vocab-item-099,102,vocab__juggling,,,,,,,,,3/31/2026 7:50am,0,"test juggling juggling running,biking,playing",word,juggling,,,,vocab,,juggling,vocab-es-CO-v1,,"vocab_word_juggling v1_6 es-CO,vocab_word_juggling v1_6 de-DE",v1_6,,,-2.5699,1,,3/31/2026 7:50am,es-CO,vocab_word_juggling v1_6 es-CO,vocab_word_juggling v1_6 es-CO,1.000,-2.570,vocab_word_juggling-es-CO,1 checked out of 1,
vocab-es-CO-v1 dressing,vocab-es-CO-v1_103,vocab-es-CO-v1,vocab-es-CO-v1,vocab-item-bank-es-CO,vocab,vocab,levante-vocabulary-dev,dressing,vocab,dressing,test_response,vocab-item-100,vocab-item-100,1,0.25,-1.48670000,,,dressing,vocab_word_dressing,vocab_word_dressing,,,,,"juice,ketchup,flour",manual,,,test,vocab-item-100,103,vocab__dressing,,,,,,,,,3/31/2026 7:50am,0,"test dressing dressing juice,ketchup,flour",word,dressing,,,,vocab,,dressing,vocab-es-CO-v1,,"vocab_word_dressing v1_6 es-CO,vocab_word_dressing v1_6 de-DE,vocab_word_dressing v1_6 en-US",v1_6,,,2.1803,1,,3/31/2026 7:50am,es-CO,vocab_word_dressing v1_6 es-CO,vocab_word_dressing v1_6 es-CO,1.000,2.180,vocab_word_dressing-es-CO,1 checked out of 1,
vocab-es-CO-v1 roof,vocab-es-CO-v1_104,vocab-es-CO-v1,vocab-es-CO-v1,vocab-item-bank-es-CO,vocab,vocab,levante-vocabulary-dev,roof,vocab,roof,test_response,vocab-item-101,vocab-item-101,1,0.25,-3.26050000,,,roof,vocab_word_roof,vocab_word_roof,,,,,"stairs,door,fence",manual,,,test,vocab-item-101,104,vocab__roof,,,,,,,,,3/31/2026 7:50am,0,"test roof roof stairs,door,fence",word,roof,,,,vocab,,roof,vocab-es-CO-v1,,"vocab_word_roof v1_6 es-CO,vocab_word_roof v1_6 de-DE,vocab_word_roof v1_6 en-US",v1_6,,,-2.3503,1,,3/31/2026 7:50am,es-CO,vocab_word_roof v1_6 es-CO,vocab_word_roof v1_6 es-CO,1.000,-2.350,vocab_word_roof-es-CO,1 checked out of 1,
vocab-es-CO-v1 peeking,vocab-es-CO-v1_105,vocab-es-CO-v1,vocab-es-CO-v1,vocab-item-bank-es-CO,vocab,vocab,levante-vocabulary-dev,peeking,vocab,peeking,test_response,vocab-item-102,vocab-item-102,1,0.25,-3.24870000,,,peeking,vocab_word_peeking,vocab_word_peeking,,,,,"reading,playing,surfing",manual,,,test,vocab-item-102,105,vocab__peeking,,,,,,,,,3/31/2026 7:50am,0,"test peeking peeking reading,playing,surfing",word,peeking,,,,vocab,,peeking,vocab-es-CO-v1,,"vocab_word_peeking v1_6 es-CO,vocab_word_peeking v1_6 de-DE,vocab_word_peeking v1_6 en-US",v1_6,,,-0.5685,1,,3/31/2026 7:50am,es-CO,vocab_word_peeking v1_6 es-CO,vocab_word_peeking v1_6 es-CO,1.000,-0.569,vocab_word_peeking-es-CO,1 checked out of 1,
vocab-es-CO-v1 ruler,vocab-es-CO-v1_106,vocab-es-CO-v1,vocab-es-CO-v1,vocab-item-bank-es-CO,vocab,vocab,levante-vocabulary-dev,ruler,vocab,ruler,test_response,vocab-item-103,vocab-item-103,1,0.25,,,,ruler,vocab_word_ruler,vocab_word_ruler,,,,,"measuringtape,compass,caliper",manual,,,test,vocab-item-103,106,vocab__ruler,,,,,,,,,3/31/2026 7:50am,0,"test ruler ruler measuringtape,compass,caliper",word,ruler,,,,vocab,,ruler,vocab-es-CO-v1,,"vocab_word_ruler v1_6 es-CO,vocab_word_ruler v1_6 de-DE,vocab_word_ruler v1_6 en-US",v1_6,,,-1.5090,1,,3/31/2026 7:50am,es-CO,vocab_word_ruler v1_6 es-CO,vocab_word_ruler v1_6 es-CO,1.000,-1.509,vocab_word_ruler-es-CO,1 checked out of 1,
vocab-es-CO-v1 tunnel,vocab-es-CO-v1_107,vocab-es-CO-v1,vocab-es-CO-v1,vocab-item-bank-es-CO,vocab,vocab,levante-vocabulary-dev,tunnel,vocab,tunnel,test_response,vocab-item-104,vocab-item-104,1,0.25,,,,tunnel,vocab_word_tunnel,vocab_word_tunnel,,,,,"pathway,waterway,cavern",manual,,,test,vocab-item-104,107,vocab__tunnel,,,,,,,,,3/31/2026 7:50am,0,"test tunnel tunnel pathway,waterway,cavern",word,tunnel,,,,vocab,,tunnel,vocab-es-CO-v1,,"vocab_word_tunnel v1_6 es-CO,vocab_word_tunnel v1_6 de-DE",v1_6,,,-1.5269,1,,3/31/2026 7:50am,es-CO,vocab_word_tunnel v1_6 es-CO,vocab_word_tunnel v1_6 es-CO,1.000,-1.527,vocab_word_tunnel-es-CO,1 checked out of 1,
vocab-es-CO-v1 envelope,vocab-es-CO-v1_108,vocab-es-CO-v1,vocab-es-CO-v1,vocab-item-bank-es-CO,vocab,vocab,levante-vocabulary-dev,envelope,vocab,envelope,test_response,vocab-item-105,vocab-item-105,1,0.25,-1.97250000,,,envelope,vocab_word_envelope,vocab_word_envelope,,,,,"checkbook,stamp,notecard",manual,,,test,vocab-item-105,108,vocab__envelope,,,,,,,,,3/31/2026 7:50am,0,"test envelope envelope checkbook,stamp,notecard",word,envelope,,,,vocab,,envelope,vocab-es-CO-v1,,"vocab_word_envelope v1_6 es-CO,vocab_word_envelope v1_6 de-DE,vocab_word_envelope v1_6 en-US",v1_6,,,-1.3314,1,,3/31/2026 7:50am,es-CO,vocab_word_envelope v1_6 es-CO,vocab_word_envelope v1_6 es-CO,1.000,-1.331,vocab_word_envelope-es-CO,1 checked out of 1,
vocab-es-CO-v1 diamond,vocab-es-CO-v1_109,vocab-es-CO-v1,vocab-es-CO-v1,vocab-item-bank-es-CO,vocab,vocab,levante-vocabulary-dev,diamond,vocab,diamond,test_response,vocab-item-106,vocab-item-106,1,0.25,-2.37060000,,,diamond,vocab_word_diamond,vocab_word_diamond,,,,,"ring,emerald,amethyst",manual,,,test,vocab-item-106,109,vocab__diamond,,,,,,,,,3/31/2026 7:50am,0,"test diamond diamond ring,emerald,amethyst",word,diamond,,,,vocab,,diamond,vocab-es-CO-v1,,"vocab_word_diamond v1_6 es-CO,vocab_word_diamond v1_6 de-DE,vocab_word_diamond v1_6 en-US",v1_6,,,-0.7868,1,,3/31/2026 7:50am,es-CO,vocab_word_diamond v1_6 es-CO,vocab_word_diamond v1_6 es-CO,1.000,-0.787,vocab_word_diamond-es-CO,1 checked out of 1,
vocab-es-CO-v1 calendar,vocab-es-CO-v1_110,vocab-es-CO-v1,vocab-es-CO-v1,vocab-item-bank-es-CO,vocab,vocab,levante-vocabulary-dev,calendar,vocab,calendar,test_response,vocab-item-107,vocab-item-107,1,0.25,-3.77550000,,,calendar,vocab_word_calendar,vocab_word_calendar,,,,,"hourglass,sundial,notebook",manual,,,test,vocab-item-107,110,vocab__calendar,,,,,,,,,3/31/2026 7:50am,0,"test calendar calendar hourglass,sundial,notebook",word,calendar,,,,vocab,,calendar,vocab-es-CO-v1,,"vocab_word_calendar v1_6 es-CO,vocab_word_calendar v1_6 de-DE,vocab_word_calendar v1_6 en-US",v1_6,,,-0.8815,1,,3/31/2026 7:50am,es-CO,vocab_word_calendar v1_6 es-CO,vocab_word_calendar v1_6 es-CO,1.000,-0.882,vocab_word_calendar-es-CO,1 checked out of 1,
vocab-es-CO-v1 panda,vocab-es-CO-v1_111,vocab-es-CO-v1,vocab-es-CO-v1,vocab-item-bank-es-CO,vocab,vocab,levante-vocabulary-dev,panda,vocab,panda,test_response,vocab-item-108,vocab-item-108,1,0.25,-4.05490000,,,panda,vocab_word_panda,vocab_word_panda,,,,,"koala,pig,zebra",manual,,,test,vocab-item-108,111,vocab__panda,,,,,,,,,3/31/2026 7:50am,0,"test panda panda koala,pig,zebra",word,panda,,,,vocab,,panda,vocab-es-CO-v1,,"vocab_word_panda v1_6 es-CO,vocab_word_panda v1_6 de-DE,vocab_word_panda v1_6 en-US",v1_6,,,-1.6433,1,,3/31/2026 7:50am,es-CO,vocab_word_panda v1_6 es-CO,vocab_word_panda v1_6 es-CO,1.000,-1.643,vocab_word_panda-es-CO,1 checked out of 1,
vocab-es-CO-v1 arrow,vocab-es-CO-v1_112,vocab-es-CO-v1,vocab-es-CO-v1,vocab-item-bank-es-CO,vocab,vocab,levante-vocabulary-dev,arrow,vocab,arrow,test_response,vocab-item-109,vocab-item-109,1,0.25,-0.82740000,,,arrow,vocab_word_arrow,vocab_word_arrow,,,,,"bow,feather,stick",manual,,,test,vocab-item-109,112,vocab__arrow,,,,,,,,,3/31/2026 7:50am,0,"test arrow arrow bow,feather,stick",word,arrow,,,,vocab,,arrow,vocab-es-CO-v1,,"vocab_word_arrow v1_6 es-CO,vocab_word_arrow v1_6 de-DE,vocab_word_arrow v1_6 en-US",v1_6,,,0.5222,1,,3/31/2026 7:50am,es-CO,vocab_word_arrow v1_6 es-CO,vocab_word_arrow v1_6 es-CO,1.000,0.522,vocab_word_arrow-es-CO,1 checked out of 1,
vocab-es-CO-v1 picking,vocab-es-CO-v1_113,vocab-es-CO-v1,vocab-es-CO-v1,vocab-item-bank-es-CO,vocab,vocab,levante-vocabulary-dev,picking,vocab,picking,test_response,vocab-item-110,vocab-item-110,1,0.25,-2.99490000,,,picking,vocab_word_picking,vocab_word_picking,,,,,"jumping,dancing,kneading",manual,,,test,vocab-item-110,113,vocab__picking,,,,,,,,,3/31/2026 7:50am,0,"test picking picking jumping,dancing,kneading",word,picking,,,,vocab,,picking,vocab-es-CO-v1,,"vocab_word_picking v1_6 es-CO,vocab_word_picking v1_6 de-DE,vocab_word_picking v1_6 en-US",v1_6,,,-1.1577,1,,3/31/2026 7:50am,es-CO,vocab_word_picking v1_6 es-CO,vocab_word_picking v1_6 es-CO,1.000,-1.158,vocab_word_picking-es-CO,1 checked out of 1,
vocab-es-CO-v1 dripping,vocab-es-CO-v1_114,vocab-es-CO-v1,vocab-es-CO-v1,vocab-item-bank-es-CO,vocab,vocab,levante-vocabulary-dev,dripping,vocab,dripping,test_response,vocab-item-111,vocab-item-111,1,0.25,-2.04780000,,,dripping,vocab_word_dripping,vocab_word_dripping,,,,,"pouring,flowing,splashing",manual,,,test,vocab-item-111,114,vocab__dripping,,,,,,,,,3/31/2026 7:50am,0,"test dripping dripping pouring,flowing,splashing",word,dripping,,,,vocab,,dripping,vocab-es-CO-v1,,"vocab_word_dripping v1_6 es-CO,vocab_word_dripping v1_6 de-DE,vocab_word_dripping v1_6 en-US",v1_6,,,0.9143,1,,3/31/2026 7:50am,es-CO,vocab_word_dripping v1_6 es-CO,vocab_word_dripping v1_6 es-CO,1.000,0.914,vocab_word_dripping-es-CO,1 checked out of 1,
vocab-es-CO-v1 knight,vocab-es-CO-v1_115,vocab-es-CO-v1,vocab-es-CO-v1,vocab-item-bank-es-CO,vocab,vocab,levante-vocabulary-dev,knight,vocab,knight,test_response,vocab-item-112,vocab-item-112,1,0.25,,,,knight,vocab_word_knight,vocab_word_knight,,,,,"malepirate,king,astronaut",manual,,,test,vocab-item-112,115,vocab__knight,,,,,,,,,4/28/2026 8:17am,0,"test knight knight malepirate,king,astronaut",word,knight,,,,vocab,,knight,vocab-es-CO-v1,,"vocab_word_knight v1_6 es-CO,vocab_word_knight v1_6 de-DE,vocab_word_knight v1_6 en-US",v1_6,,,-0.1375,1,,4/28/2026 8:17am,es-CO,vocab_word_knight v1_6 es-CO,vocab_word_knight v1_6 es-CO,1.000,-0.138,vocab_word_knight-es-CO,1 checked out of 1,
vocab-es-CO-v1 delivering,vocab-es-CO-v1_116,vocab-es-CO-v1,vocab-es-CO-v1,vocab-item-bank-es-CO,vocab,vocab,levante-vocabulary-dev,delivering,vocab,delivering,test_response,vocab-item-113,vocab-item-113,1,0.25,-2.06590000,,,delivering,vocab_word_delivering,vocab_word_delivering,,,,,"opening,building,connecting",manual,,,test,vocab-item-113,116,vocab__delivering,,,,,,,,,3/31/2026 7:50am,0,"test delivering delivering opening,building,connecting",word,delivering,,,,vocab,,delivering,vocab-es-CO-v1,,"vocab_word_delivering v1_6 es-CO,vocab_word_delivering v1_6 de-DE,vocab_word_delivering v1_6 en-US",v1_6,,,-1.0297,1,,3/31/2026 7:50am,es-CO,vocab_word_delivering v1_6 es-CO,vocab_word_delivering v1_6 es-CO,1.000,-1.030,vocab_word_delivering-es-CO,1 checked out of 1,
vocab-es-CO-v1 dentist,vocab-es-CO-v1_117,vocab-es-CO-v1,vocab-es-CO-v1,vocab-item-bank-es-CO,vocab,vocab,levante-vocabulary-dev,dentist,vocab,dentist,test_response,vocab-item-114,vocab-item-114,1,0.25,-2.82960000,,,dentist,vocab_word_dentist,vocab_word_dentist,,,,,"maledoctor,pharmacist,scientist",manual,,,test,vocab-item-114,117,vocab__dentist,,,,,,,,,4/28/2026 8:18am,0,"test dentist dentist maledoctor,pharmacist,scientist",word,dentist,,,,vocab,,dentist,vocab-es-CO-v1,,"vocab_word_dentist v1_6 es-CO,vocab_word_dentist v1_6 de-DE,vocab_word_dentist v1_6 en-US",v1_6,,,-0.9152,1,,4/28/2026 8:18am,es-CO,vocab_word_dentist v1_6 es-CO,vocab_word_dentist v1_6 es-CO,1.000,-0.915,vocab_word_dentist-es-CO,1 checked out of 1,
vocab-es-CO-v1 uniform,vocab-es-CO-v1_119,vocab-es-CO-v1,vocab-es-CO-v1,vocab-item-bank-es-CO,vocab,vocab,levante-vocabulary-dev,uniform,vocab,uniform,test_response,vocab-item-116,vocab-item-116,1,0.25,-0.77760000,,,uniform,vocab_word_uniform,vocab_word_uniform,,,,,"costume,suit,dress",manual,,,test,vocab-item-116,119,vocab__uniform,,,,,,,,,3/31/2026 7:50am,0,"test uniform uniform costume,suit,dress",word,uniform,,,,vocab,,uniform,vocab-es-CO-v1,,"vocab_word_uniform v1_6 es-CO,vocab_word_uniform v1_6 de-DE,vocab_word_uniform v1_6 en-US",v1_6,,,-1.9633,1,,3/31/2026 7:50am,es-CO,vocab_word_uniform v1_6 es-CO,vocab_word_uniform v1_6 es-CO,1.000,-1.963,vocab_word_uniform-es-CO,1 checked out of 1,
vocab-es-CO-v1 furry,vocab-es-CO-v1_120,vocab-es-CO-v1,vocab-es-CO-v1,vocab-item-bank-es-CO,vocab,vocab,levante-vocabulary-dev,furry,vocab,furry,test_response,vocab-item-117,vocab-item-117,1,0.25,-2.53840000,,,furry,vocab_word_furry,vocab_word_furry,,,,,"hairy,fluffy,silky",manual,,,test,vocab-item-117,120,vocab__furry,,,,,,,,,3/31/2026 7:50am,0,"test furry furry hairy,fluffy,silky",word,furry,,,,vocab,,furry,vocab-es-CO-v1,,"vocab_word_furry v1_6 es-CO,vocab_word_furry v1_6 de-DE,vocab_word_furry v1_6 en-US",v1_6,,,-1.0191,1,,3/31/2026 7:50am,es-CO,vocab_word_furry v1_6 es-CO,vocab_word_furry v1_6 es-CO,1.000,-1.019,vocab_word_furry-es-CO,1 checked out of 1,
vocab-es-CO-v1 cormorant,vocab-es-CO-v1_121,vocab-es-CO-v1,vocab-es-CO-v1,vocab-item-bank-es-CO,vocab,vocab,levante-vocabulary-dev,cormorant,vocab,cormorant,test_response,vocab-item-118,vocab-item-118,1,0.25,0.22870000,,,cormorant,vocab_word_cormorant,vocab_word_cormorant,,,,,"eel,narwhal,turtle",dutch,,,test,vocab-item-118,121,vocab__cormorant,,,,,,,,,3/31/2026 7:50am,0,"test cormorant cormorant eel,narwhal,turtle",word,cormorant,,,,vocab,,cormorant,vocab-es-CO-v1,,"vocab_word_cormorant v1_6 es-CO,vocab_word_cormorant v1_6 de-DE,vocab_word_cormorant v1_6 en-US",v1_6,,,2.2959,1,,3/31/2026 7:50am,es-CO,vocab_word_cormorant v1_6 es-CO,vocab_word_cormorant v1_6 es-CO,1.000,2.296,vocab_word_cormorant-es-CO,1 checked out of 1,
vocab-es-CO-v1 fetch,vocab-es-CO-v1_122,vocab-es-CO-v1,vocab-es-CO-v1,vocab-item-bank-es-CO,vocab,vocab,levante-vocabulary-dev,fetch,vocab,fetch,test_response,vocab-item-119,vocab-item-119,1,0.25,-1.91090000,,,fetch,vocab_word_fetch,vocab_word_fetch,,,,,"jump,fight,sit",dutch,,,test,vocab-item-119,122,vocab__fetch,,,,,,,,,3/31/2026 7:50am,0,"test fetch fetch jump,fight,sit",word,fetch,,,,vocab,,fetch,vocab-es-CO-v1,,"vocab_word_fetch v1_6 es-CO,vocab_word_fetch v1_6 de-DE,vocab_word_fetch v1_6 en-US",v1_6,,,-0.8614,1,,3/31/2026 7:50am,es-CO,vocab_word_fetch v1_6 es-CO,vocab_word_fetch v1_6 es-CO,1.000,-0.861,vocab_word_fetch-es-CO,1 checked out of 1,
vocab-es-CO-v1 arcade,vocab-es-CO-v1_123,vocab-es-CO-v1,vocab-es-CO-v1,vocab-item-bank-es-CO,vocab,vocab,levante-vocabulary-dev,arcade,vocab,arcade,test_response,vocab-item-120,vocab-item-120,1,0.25,1.16240000,,,arcade,vocab_word_arcade,vocab_word_arcade,,,,,"bellows,highvoltage,pier",dutch,,,test,vocab-item-120,123,vocab__arcade,,,,,,,,,3/31/2026 7:50am,0,"test arcade arcade bellows,highvoltage,pier",word,arcade,,,,vocab,,arcade,vocab-es-CO-v1,,"vocab_word_arcade v1_6 es-CO,vocab_word_arcade v1_6 de-DE,vocab_word_arcade v1_6 en-US",v1_6,,,3.6079,1,,3/31/2026 7:50am,es-CO,vocab_word_arcade v1_6 es-CO,vocab_word_arcade v1_6 es-CO,1.000,3.608,vocab_word_arcade-es-CO,1 checked out of 1,
vocab-es-CO-v1 artifact,vocab-es-CO-v1_124,vocab-es-CO-v1,vocab-es-CO-v1,vocab-item-bank-es-CO,vocab,vocab,levante-vocabulary-dev,artifact,vocab,artifact,test_response,vocab-item-121,vocab-item-121,1,0.25,-0.67540000,,,artifact,vocab_word_artifact,vocab_word_artifact,,,,,"honeycomb,crystal,herringbone",dutch,,,test,vocab-item-121,124,vocab__artifact,,,,,,,,,3/31/2026 7:50am,0,"test artifact artifact honeycomb,crystal,herringbone",word,artifact,,,,vocab,,artifact,vocab-es-CO-v1,,"vocab_word_artifact v1_6 es-CO,vocab_word_artifact v1_6 de-DE,vocab_word_artifact v1_6 en-US",v1_6,,,-0.2034,1,,3/31/2026 7:50am,es-CO,vocab_word_artifact v1_6 es-CO,vocab_word_artifact v1_6 es-CO,1.000,-0.203,vocab_word_artifact-es-CO,1 checked out of 1,
vocab-es-CO-v1 aversion,vocab-es-CO-v1_125,vocab-es-CO-v1,vocab-es-CO-v1,vocab-item-bank-es-CO,vocab,vocab,levante-vocabulary-dev,aversion,vocab,aversion,test_response,vocab-item-122,vocab-item-122,1,0.25,2.16630000,,,aversion,vocab_word_aversion,vocab_word_aversion,,,,,"dull,neutral,delighted",dutch,,,test,vocab-item-122,125,vocab__aversion,,,,,,,,,3/31/2026 7:50am,0,"test aversion aversion dull,neutral,delighted",word,aversion,,,,vocab,,aversion,vocab-es-CO-v1,,"vocab_word_aversion v1_6 es-CO,vocab_word_aversion v1_6 de-DE,vocab_word_aversion v1_6 en-US",v1_6,,,4.7605,1,,3/31/2026 7:50am,es-CO,vocab_word_aversion v1_6 es-CO,vocab_word_aversion v1_6 es-CO,1.000,4.761,vocab_word_aversion-es-CO,1 checked out of 1,
vocab-es-CO-v1 beret,vocab-es-CO-v1_126,vocab-es-CO-v1,vocab-es-CO-v1,vocab-item-bank-es-CO,vocab,vocab,levante-vocabulary-dev,beret,vocab,beret,test_response,vocab-item-123,vocab-item-123,1,0.25,-0.50610000,,,beret,vocab_word_beret,vocab_word_beret,,,,,"hat,chefshat,safarihat",dutch,,,test,vocab-item-123,126,vocab__beret,,,,,,,,,3/31/2026 7:50am,0,"test beret beret hat,chefshat,safarihat",word,beret,,,,vocab,,beret,vocab-es-CO-v1,,"vocab_word_beret v1_6 es-CO,vocab_word_beret v1_6 de-DE,vocab_word_beret v1_6 en-US",v1_6,,,1.1982,1,,3/31/2026 7:50am,es-CO,vocab_word_beret v1_6 es-CO,vocab_word_beret v1_6 es-CO,1.000,1.198,vocab_word_beret-es-CO,1 checked out of 1,
vocab-es-CO-v1 applaud,vocab-es-CO-v1_127,vocab-es-CO-v1,vocab-es-CO-v1,vocab-item-bank-es-CO,vocab,vocab,levante-vocabulary-dev,applaud,vocab,applaud,test_response,vocab-item-124,vocab-item-124,1,0.25,,,,applaud,vocab_word_applaud,vocab_word_applaud,,,,,"yawn,stare,nurse",dutch,,,test,vocab-item-124,127,vocab__applaud,,,,,,,,,3/31/2026 7:50am,0,"test applaud applaud yawn,stare,nurse",word,applaud,,,,vocab,,applaud,vocab-es-CO-v1,,"vocab_word_applaud v1_6 es-CO,vocab_word_applaud v1_6 de-DE,vocab_word_applaud v1_6 en-US",v1_6,,,-2.0822,1,,3/31/2026 7:50am,es-CO,vocab_word_applaud v1_6 es-CO,vocab_word_applaud v1_6 es-CO,1.000,-2.082,vocab_word_applaud-es-CO,1 checked out of 1,
vocab-es-CO-v1 timid,vocab-es-CO-v1_128,vocab-es-CO-v1,vocab-es-CO-v1,vocab-item-bank-es-CO,vocab,vocab,levante-vocabulary-dev,timid,vocab,timid,test_response,vocab-item-125,vocab-item-125,1,0.25,2.16530000,,,timid,vocab_word_timid,vocab_word_timid,,,,,"interested,excited,pensive",dutch,,,test,vocab-item-125,128,vocab__timid,,,,,,,,,3/31/2026 7:50am,0,"test timid timid interested,excited,pensive",word,timid,,,,vocab,,timid,vocab-es-CO-v1,,"vocab_word_timid v1_6 es-CO,vocab_word_timid v1_6 de-DE,vocab_word_timid v1_6 en-US",v1_6,,,-0.6133,1,,3/31/2026 7:50am,es-CO,vocab_word_timid v1_6 es-CO,vocab_word_timid v1_6 es-CO,1.000,-0.613,vocab_word_timid-es-CO,1 checked out of 1,
vocab-es-CO-v1 camp,vocab-es-CO-v1_129,vocab-es-CO-v1,vocab-es-CO-v1,vocab-item-bank-es-CO,vocab,vocab,levante-vocabulary-dev,camp,vocab,camp,test_response,vocab-item-126,vocab-item-126,1,0.25,-3.68680000,,,camp,vocab_word_camp,vocab_word_camp,,,,,"march,paint,steal",dutch,,,test,vocab-item-126,129,vocab__camp,,,,,,,,,3/31/2026 7:50am,0,"test camp camp march,paint,steal",word,camp,,,,vocab,,camp,vocab-es-CO-v1,,"vocab_word_camp v1_6 es-CO,vocab_word_camp v1_6 de-DE,vocab_word_camp v1_6 en-US",v1_6,,,-2.8339,1,,3/31/2026 7:50am,es-CO,vocab_word_camp v1_6 es-CO,vocab_word_camp v1_6 es-CO,1.000,-2.834,vocab_word_camp-es-CO,1 checked out of 1,
vocab-es-CO-v1 tumble,vocab-es-CO-v1_130,vocab-es-CO-v1,vocab-es-CO-v1,vocab-item-bank-es-CO,vocab,vocab,levante-vocabulary-dev,tumble,vocab,tumble,test_response,vocab-item-127,vocab-item-127,1,0.25,-1.22880000,,,tumble,vocab_word_tumble,vocab_word_tumble,,,,,"applaud,chisel,scythes",dutch,,,test,vocab-item-127,130,vocab__tumble,,,,,,,,,3/31/2026 7:50am,0,"test tumble tumble applaud,chisel,scythes",word,tumble,,,,vocab,,tumble,vocab-es-CO-v1,,"vocab_word_tumble v1_6 es-CO,vocab_word_tumble v1_6 de-DE,vocab_word_tumble v1_6 en-US",v1_6,,,-2.2772,1,,3/31/2026 7:50am,es-CO,vocab_word_tumble v1_6 es-CO,vocab_word_tumble v1_6 es-CO,1.000,-2.277,vocab_word_tumble-es-CO,1 checked out of 1,
vocab-es-CO-v1 concentric,vocab-es-CO-v1_131,vocab-es-CO-v1,vocab-es-CO-v1,vocab-item-bank-es-CO,vocab,vocab,levante-vocabulary-dev,concentric,vocab,concentric,test_response,vocab-item-128,vocab-item-128,1,0.25,0.28940000,,,concentric,vocab_word_concentric,vocab_word_concentric,,,,,"oneabovetheother,smallinside,oneachother",dutch,,,test,vocab-item-128,131,vocab__concentric,,,,,,,,,3/31/2026 7:50am,0,"test concentric concentric oneabovetheother,smallinside,oneachother",word,concentric,,,,vocab,,concentric,vocab-es-CO-v1,,"vocab_word_concentric v1_6 es-CO,vocab_word_concentric v1_6 de-DE,vocab_word_concentric v1_6 en-US",v1_6,,,-0.0945,1,,3/31/2026 7:50am,es-CO,vocab_word_concentric v1_6 es-CO,vocab_word_concentric v1_6 es-CO,1.000,-0.095,vocab_word_concentric-es-CO,1 checked out of 1,
vocab-es-CO-v1 confectionery,vocab-es-CO-v1_132,vocab-es-CO-v1,vocab-es-CO-v1,vocab-item-bank-es-CO,vocab,vocab,levante-vocabulary-dev,confectionery,vocab,confectionery,test_response,vocab-item-129,vocab-item-129,1,0.25,,,,confectionery,vocab_word_confectionery,vocab_word_confectionery,,,,,"confectionerymaterial,tools,food",dutch,,,test,vocab-item-129,132,vocab__confectionery,,,,,,,,,3/31/2026 7:50am,0,"test confectionery confectionery confectionerymaterial,tools,food",word,confectionery,,,,vocab,,confectionery,vocab-es-CO-v1,,"vocab_word_confectionery v1_6 es-CO,vocab_word_confectionery v1_6 de-DE,vocab_word_confectionery v1_6 en-US",v1_6,,,1.9684,1,,3/31/2026 7:50am,es-CO,vocab_word_confectionery v1_6 es-CO,vocab_word_confectionery v1_6 es-CO,1.000,1.968,vocab_word_confectionery-es-CO,1 checked out of 1,
vocab-es-CO-v1 couturier,vocab-es-CO-v1_133,vocab-es-CO-v1,vocab-es-CO-v1,vocab-item-bank-es-CO,vocab,vocab,levante-vocabulary-dev,couturier,vocab,couturier,test_response,vocab-item-130,vocab-item-130,1,0.25,2.21270000,,,couturier,vocab_word_couturier,vocab_word_couturier,,,,,"malemarketseller,matador,malestreetartist",dutch,,,test,vocab-item-130,133,vocab__couturier,,,,,,,,,4/28/2026 8:22am,0,"test couturier couturier malemarketseller,matador,malestreetartist",word,couturier,,,,vocab,,couturier,vocab-es-CO-v1,,"vocab_word_couturier v1_6 es-CO,vocab_word_couturier v1_6 de-DE,vocab_word_couturier v1_6 en-US",v1_6,,,-1.1151,1,,4/28/2026 8:22am,es-CO,vocab_word_couturier v1_6 es-CO,vocab_word_couturier v1_6 es-CO,1.000,-1.115,vocab_word_couturier-es-CO,1 checked out of 1,
vocab-es-CO-v1 degression,vocab-es-CO-v1_134,vocab-es-CO-v1,vocab-es-CO-v1,vocab-item-bank-es-CO,vocab,vocab,levante-vocabulary-dev,degression,vocab,degression,test_response,vocab-item-131,vocab-item-131,1,0.25,1.26100000,,,degression,vocab_word_degression,vocab_word_degression,,,,,"fluctuation,progression,stagnation",dutch,,,test,vocab-item-131,134,vocab__degression,,,,,,,,,3/31/2026 7:50am,0,"test degression degression fluctuation,progression,stagnation",word,degression,,,,vocab,,degression,vocab-es-CO-v1,,"vocab_word_degression v1_6 es-CO,vocab_word_degression v1_6 de-DE,vocab_word_degression v1_6 en-US",v1_6,,,1.1978,1,,3/31/2026 7:50am,es-CO,vocab_word_degression v1_6 es-CO,vocab_word_degression v1_6 es-CO,1.000,1.198,vocab_word_degression-es-CO,1 checked out of 1,
vocab-es-CO-v1 divan,vocab-es-CO-v1_135,vocab-es-CO-v1,vocab-es-CO-v1,vocab-item-bank-es-CO,vocab,vocab,levante-vocabulary-dev,divan,vocab,divan,test_response,vocab-item-132,vocab-item-132,1,0.25,,,,divan,vocab_word_divan,vocab_word_divan,,,,,"butterdish,handrail,lintroller",dutch,,,test,vocab-item-132,135,vocab__divan,,,,,,,,,3/12/2026 3:32pm,0,"test divan divan butterdish,handrail,lintroller",word,divan,,,,vocab,,divan,vocab-es-CO-v1,,,v1_6,,,,,,3/12/2026 3:32pm,es-CO,vocab_word_divan v1_6 es-CO,,,,vocab_word_divan-es-CO,1 checked out of 1,
vocab-es-CO-v1 wetland,vocab-es-CO-v1_136,vocab-es-CO-v1,vocab-es-CO-v1,vocab-item-bank-es-CO,vocab,vocab,levante-vocabulary-dev,wetland,vocab,wetland,test_response,vocab-item-133,vocab-item-133,1,0.25,-1.28140000,,,wetland,vocab_word_wetland,vocab_word_wetland,,,,,"field,dune,meadow",dutch,,,test,vocab-item-133,136,vocab__wetland,,,,,,,,,3/31/2026 7:50am,0,"test wetland wetland field,dune,meadow",word,wetland,,,,vocab,,wetland,vocab-es-CO-v1,,"vocab_word_wetland v1_6 es-CO,vocab_word_wetland v1_6 de-DE,vocab_word_wetland v1_6 en-US",v1_6,,,0.8504,1,,3/31/2026 7:50am,es-CO,vocab_word_wetland v1_6 es-CO,vocab_word_wetland v1_6 es-CO,1.000,0.850,vocab_word_wetland-es-CO,1 checked out of 1,
vocab-es-CO-v1 baywindow,vocab-es-CO-v1_137,vocab-es-CO-v1,vocab-es-CO-v1,vocab-item-bank-es-CO,vocab,vocab,levante-vocabulary-dev,baywindow,vocab,baywindow,test_response,vocab-item-134,vocab-item-134,1,0.25,0.78520000,,,baywindow,vocab_word_baywindow,vocab_word_baywindow,,,,,"threshhold,drapery,capital",dutch,,,test,vocab-item-134,137,vocab__baywindow,,,,,,,,,3/31/2026 7:50am,0,"test baywindow baywindow threshhold,drapery,capital",word,baywindow,,,,vocab,,baywindow,vocab-es-CO-v1,,"vocab_word_baywindow v1_6 es-CO,vocab_word_baywindow v1_6 de-DE,vocab_word_baywindow v1_6 en-US",v1_6,,,1.0387,1,,3/31/2026 7:50am,es-CO,vocab_word_baywindow v1_6 es-CO,vocab_word_baywindow v1_6 es-CO,1.000,1.039,vocab_word_baywindow-es-CO,1 checked out of 1,
vocab-es-CO-v1 aesthete,vocab-es-CO-v1_138,vocab-es-CO-v1,vocab-es-CO-v1,vocab-item-bank-es-CO,vocab,vocab,levante-vocabulary-dev,aesthete,vocab,aesthete,test_response,vocab-item-135,vocab-item-135,1,0.25,,,,aesthete,vocab_word_aesthete,vocab_word_aesthete,,,,,"bloodpressuremeasurement,philatelist,femaleresearcher",dutch,,,test,vocab-item-135,138,vocab__aesthete,,,,,,,,,4/28/2026 8:24am,0,"test aesthete aesthete bloodpressuremeasurement,philatelist,femaleresearcher",word,aesthete,,,,vocab,,aesthete,vocab-es-CO-v1,,"vocab_word_aesthete v1_6 es-CO,vocab_word_aesthete v1_6 de-DE,vocab_word_aesthete v1_6 en-US",v1_6,,,5.0248,1,,4/28/2026 8:24am,es-CO,vocab_word_aesthete v1_6 es-CO,vocab_word_aesthete v1_6 es-CO,1.000,5.025,vocab_word_aesthete-es-CO,1 checked out of 1,
vocab-es-CO-v1 ecstatic,vocab-es-CO-v1_139,vocab-es-CO-v1,vocab-es-CO-v1,vocab-item-bank-es-CO,vocab,vocab,levante-vocabulary-dev,ecstatic,vocab,ecstatic,test_response,vocab-item-136,vocab-item-136,1,0.25,0.51400000,,,ecstatic,vocab_word_ecstatic,vocab_word_ecstatic,,,,,"sleep,sad,tired",dutch,,,test,vocab-item-136,139,vocab__ecstatic,,,,,,,,,3/31/2026 7:50am,0,"test ecstatic ecstatic sleep,sad,tired",word,ecstatic,,,,vocab,,ecstatic,vocab-es-CO-v1,,"vocab_word_ecstatic v1_6 es-CO,vocab_word_ecstatic v1_6 de-DE,vocab_word_ecstatic v1_6 en-US",v1_6,,,5.7902,1,,3/31/2026 7:50am,es-CO,vocab_word_ecstatic v1_6 es-CO,vocab_word_ecstatic v1_6 es-CO,1.000,5.790,vocab_word_ecstatic-es-CO,1 checked out of 1,
vocab-es-CO-v1 rickety,vocab-es-CO-v1_140,vocab-es-CO-v1,vocab-es-CO-v1,vocab-item-bank-es-CO,vocab,vocab,levante-vocabulary-dev,rickety,vocab,rickety,test_response,vocab-item-137,vocab-item-137,1,0.25,-1.77950000,,,rickety,vocab_word_rickety,vocab_word_rickety,,,,,"dusk,vacationhome,skyscraper",dutch,,,test,vocab-item-137,140,vocab__rickety,,,,,,,,,3/31/2026 7:50am,0,"test rickety rickety dusk,vacationhome,skyscraper",word,rickety,,,,vocab,,rickety,vocab-es-CO-v1,,"vocab_word_rickety v1_6 es-CO,vocab_word_rickety v1_6 de-DE,vocab_word_rickety v1_6 en-US",v1_6,,,0.4833,1,,3/31/2026 7:50am,es-CO,vocab_word_rickety v1_6 es-CO,vocab_word_rickety v1_6 es-CO,1.000,0.483,vocab_word_rickety-es-CO,1 checked out of 1,
vocab-es-CO-v1 gourmet,vocab-es-CO-v1_141,vocab-es-CO-v1,vocab-es-CO-v1,vocab-item-bank-es-CO,vocab,vocab,levante-vocabulary-dev,gourmet,vocab,gourmet,test_response,vocab-item-138,vocab-item-138,1,0.25,-1.91570000,,,gourmet,vocab_word_gourmet,vocab_word_gourmet,,,,,"archaeological,astronomical,surgical",dutch,,,test,vocab-item-138,141,vocab__gourmet,,,,,,,,,3/31/2026 7:50am,0,"test gourmet gourmet archaeological,astronomical,surgical",word,gourmet,,,,vocab,,gourmet,vocab-es-CO-v1,,"vocab_word_gourmet v1_6 es-CO,vocab_word_gourmet v1_6 de-DE,vocab_word_gourmet v1_6 en-US",v1_6,,,0.3264,1,,3/31/2026 7:50am,es-CO,vocab_word_gourmet v1_6 es-CO,vocab_word_gourmet v1_6 es-CO,1.000,0.326,vocab_word_gourmet-es-CO,1 checked out of 1,
vocab-es-CO-v1 gesticulate,vocab-es-CO-v1_142,vocab-es-CO-v1,vocab-es-CO-v1,vocab-item-bank-es-CO,vocab,vocab,levante-vocabulary-dev,gesticulate,vocab,gesticulate,test_response,vocab-item-139,vocab-item-139,1,0.25,3.69380000,,,gesticulate,vocab_word_gesticulate,vocab_word_gesticulate,,,,,"listen,pose,hide",dutch,,,test,vocab-item-139,142,vocab__gesticulate,,,,,,,,,3/31/2026 7:50am,0,"test gesticulate gesticulate listen,pose,hide",word,gesticulate,,,,vocab,,gesticulate,vocab-es-CO-v1,,"vocab_word_gesticulate v1_6 es-CO,vocab_word_gesticulate v1_6 de-DE,vocab_word_gesticulate v1_6 en-US",v1_6,,,2.5393,1,,3/31/2026 7:50am,es-CO,vocab_word_gesticulate v1_6 es-CO,vocab_word_gesticulate v1_6 es-CO,1.000,2.539,vocab_word_gesticulate-es-CO,1 checked out of 1,
vocab-es-CO-v1 facade,vocab-es-CO-v1_143,vocab-es-CO-v1,vocab-es-CO-v1,vocab-item-bank-es-CO,vocab,vocab,levante-vocabulary-dev,facade,vocab,facade,test_response,vocab-item-140,vocab-item-140,1,0.25,4.44120000,,,facade,vocab_word_facade,vocab_word_facade,,,,,"glacier,interior,fog",dutch,,,test,vocab-item-140,143,vocab__facade,,,,,,,,,3/31/2026 7:50am,0,"test facade facade glacier,interior,fog",word,facade,,,,vocab,,facade,vocab-es-CO-v1,,"vocab_word_facade v1_6 es-CO,vocab_word_facade v1_6 de-DE,vocab_word_facade v1_6 en-US",v1_6,,,2.0483,1,,3/31/2026 7:50am,es-CO,vocab_word_facade v1_6 es-CO,vocab_word_facade v1_6 es-CO,1.000,2.048,vocab_word_facade-es-CO,1 checked out of 1,
vocab-es-CO-v1 slope,vocab-es-CO-v1_144,vocab-es-CO-v1,vocab-es-CO-v1,vocab-item-bank-es-CO,vocab,vocab,levante-vocabulary-dev,slope,vocab,slope,test_response,vocab-item-141,vocab-item-141,1,0.25,-0.05000000,,,slope,vocab_word_slope,vocab_word_slope,,,,,"gap,sky,flat",dutch,,,test,vocab-item-141,144,vocab__slope,,,,,,,,,3/31/2026 7:50am,0,"test slope slope gap,sky,flat",word,slope,,,,vocab,,slope,vocab-es-CO-v1,,"vocab_word_slope v1_6 es-CO,vocab_word_slope v1_6 de-DE,vocab_word_slope v1_6 en-US",v1_6,,,1.7581,1,,3/31/2026 7:50am,es-CO,vocab_word_slope v1_6 es-CO,vocab_word_slope v1_6 es-CO,1.000,1.758,vocab_word_slope-es-CO,1 checked out of 1,
vocab-es-CO-v1 habit,vocab-es-CO-v1_145,vocab-es-CO-v1,vocab-es-CO-v1,vocab-item-bank-es-CO,vocab,vocab,levante-vocabulary-dev,habit,vocab,habit,test_response,vocab-item-142,vocab-item-142,1,0.25,2.10810000,,,habit,vocab_word_habit,vocab_word_habit,,,,,"divinghelmet,chasuble,mail",dutch,,,test,vocab-item-142,145,vocab__habit,,,,,,,,,3/31/2026 7:50am,0,"test habit habit divinghelmet,chasuble,mail",word,habit,,,,vocab,,habit,vocab-es-CO-v1,,"vocab_word_habit v1_6 es-CO,vocab_word_habit v1_6 de-DE,vocab_word_habit v1_6 en-US",v1_6,,,2.6924,1,,3/31/2026 7:50am,es-CO,vocab_word_habit v1_6 es-CO,vocab_word_habit v1_6 es-CO,1.000,2.692,vocab_word_habit-es-CO,1 checked out of 1,
vocab-es-CO-v1 intersection,vocab-es-CO-v1_146,vocab-es-CO-v1,vocab-es-CO-v1,vocab-item-bank-es-CO,vocab,vocab,levante-vocabulary-dev,intersection,vocab,intersection,test_response,vocab-item-143,vocab-item-143,1,0.25,-0.48790000,,,intersection,vocab_word_intersection,vocab_word_intersection,,,,,"monastery,avenue,level",dutch,,,test,vocab-item-143,146,vocab__intersection,,,,,,,,,3/31/2026 7:50am,0,"test intersection intersection monastery,avenue,level",word,intersection,,,,vocab,,intersection,vocab-es-CO-v1,,"vocab_word_intersection v1_6 es-CO,vocab_word_intersection v1_6 de-DE,vocab_word_intersection v1_6 en-US",v1_6,,,4.1668,1,,3/31/2026 7:50am,es-CO,vocab_word_intersection v1_6 es-CO,vocab_word_intersection v1_6 es-CO,1.000,4.167,vocab_word_intersection-es-CO,1 checked out of 1,
vocab-es-CO-v1 irrigation,vocab-es-CO-v1_147,vocab-es-CO-v1,vocab-es-CO-v1,vocab-item-bank-es-CO,vocab,vocab,levante-vocabulary-dev,irrigation,vocab,irrigation,test_response,vocab-item-144,vocab-item-144,1,0.25,1.69230000,,,irrigation,vocab_word_irrigation,vocab_word_irrigation,,,,,"hydroterm,dump,repot",dutch,,,test,vocab-item-144,147,vocab__irrigation,,,,,,,,,3/31/2026 7:50am,0,"test irrigation irrigation hydroterm,dump,repot",word,irrigation,,,,vocab,,irrigation,vocab-es-CO-v1,,"vocab_word_irrigation v1_6 es-CO,vocab_word_irrigation v1_6 de-DE,vocab_word_irrigation v1_6 en-US",v1_6,,,2.0490,1,,3/31/2026 7:50am,es-CO,vocab_word_irrigation v1_6 es-CO,vocab_word_irrigation v1_6 es-CO,1.000,2.049,vocab_word_irrigation-es-CO,1 checked out of 1,
vocab-es-CO-v1 kazoo,vocab-es-CO-v1_148,vocab-es-CO-v1,vocab-es-CO-v1,vocab-item-bank-es-CO,vocab,vocab,levante-vocabulary-dev,kazoo,vocab,kazoo,test_response,vocab-item-145,vocab-item-145,1,0.25,-0.69810000,,,kazoo,vocab_word_kazoo,vocab_word_kazoo,,,,,"cabasa,mandolin,rainstick",dutch,,,test,vocab-item-145,148,vocab__kazoo,,,,,,,,,3/31/2026 7:50am,0,"test kazoo kazoo cabasa,mandolin,rainstick",word,kazoo,,,,vocab,,kazoo,vocab-es-CO-v1,,"vocab_word_kazoo v1_6 es-CO,vocab_word_kazoo v1_6 de-DE,vocab_word_kazoo v1_6 en-US",v1_6,,,3.5730,1,,3/31/2026 7:50am,es-CO,vocab_word_kazoo v1_6 es-CO,vocab_word_kazoo v1_6 es-CO,1.000,3.573,vocab_word_kazoo-es-CO,1 checked out of 1,
vocab-es-CO-v1 chat,vocab-es-CO-v1_149,vocab-es-CO-v1,vocab-es-CO-v1,vocab-item-bank-es-CO,vocab,vocab,levante-vocabulary-dev,chat,vocab,chat,test_response,vocab-item-146,vocab-item-146,1,0.25,-3.19600000,,,chat,vocab_word_chat,vocab_word_chat,,,,,"mountaineering,horseriding,referee",dutch,,,test,vocab-item-146,149,vocab__chat,,,,,,,,,3/31/2026 7:50am,0,"test chat chat mountaineering,horseriding,referee",word,chat,,,,vocab,,chat,vocab-es-CO-v1,,"vocab_word_chat v1_6 es-CO,vocab_word_chat v1_6 de-DE,vocab_word_chat v1_6 en-US",v1_6,,,-1.4760,1,,3/31/2026 7:50am,es-CO,vocab_word_chat v1_6 es-CO,vocab_word_chat v1_6 es-CO,1.000,-1.476,vocab_word_chat-es-CO,1 checked out of 1,
vocab-es-CO-v1 colony,vocab-es-CO-v1_150,vocab-es-CO-v1,vocab-es-CO-v1,vocab-item-bank-es-CO,vocab,vocab,levante-vocabulary-dev,colony,vocab,colony,test_response,vocab-item-147,vocab-item-147,1,0.25,,,,colony,vocab_word_colony,vocab_word_colony,,,,,"herd,pack,school",dutch,,,test,vocab-item-147,150,vocab__colony,,,,,,,,,3/31/2026 7:50am,0,"test colony colony herd,pack,school",word,colony,,,,vocab,,colony,vocab-es-CO-v1,,"vocab_word_colony v1_6 es-CO,vocab_word_colony v1_6 de-DE,vocab_word_colony v1_6 en-US",v1_6,,,3.8260,1,,3/31/2026 7:50am,es-CO,vocab_word_colony v1_6 es-CO,vocab_word_colony v1_6 es-CO,1.000,3.826,vocab_word_colony-es-CO,1 checked out of 1,
vocab-es-CO-v1 preserve,vocab-es-CO-v1_151,vocab-es-CO-v1,vocab-es-CO-v1,vocab-item-bank-es-CO,vocab,vocab,levante-vocabulary-dev,preserve,vocab,preserve,test_response,vocab-item-148,vocab-item-148,1,0.25,-0.63140000,,,preserve,vocab_word_preserve,vocab_word_preserve,,,,,"grilling,heels,peel",dutch,,,test,vocab-item-148,151,vocab__preserve,,,,,,,,,3/31/2026 7:50am,0,"test preserve preserve grilling,heels,peel",word,preserve,,,,vocab,,preserve,vocab-es-CO-v1,,"vocab_word_preserve v1_6 es-CO,vocab_word_preserve v1_6 de-DE,vocab_word_preserve v1_6 en-US",v1_6,,,0.5984,1,,3/31/2026 7:50am,es-CO,vocab_word_preserve v1_6 es-CO,vocab_word_preserve v1_6 es-CO,1.000,0.598,vocab_word_preserve-es-CO,1 checked out of 1,
vocab-es-CO-v1 awning,vocab-es-CO-v1_152,vocab-es-CO-v1,vocab-es-CO-v1,vocab-item-bank-es-CO,vocab,vocab,levante-vocabulary-dev,awning,vocab,awning,test_response,vocab-item-149,vocab-item-149,1,0.25,-1.31860000,,,awning,vocab_word_awning,vocab_word_awning,,,,,"lighter,pouch,folder",dutch,,,test,vocab-item-149,152,vocab__awning,,,,,,,,,3/31/2026 7:50am,0,"test awning awning lighter,pouch,folder",word,awning,,,,vocab,,awning,vocab-es-CO-v1,,"vocab_word_awning v1_6 es-CO,vocab_word_awning v1_6 de-DE,vocab_word_awning v1_6 en-US",v1_6,,,0.4794,1,,3/31/2026 7:50am,es-CO,vocab_word_awning v1_6 es-CO,vocab_word_awning v1_6 es-CO,1.000,0.479,vocab_word_awning-es-CO,1 checked out of 1,
vocab-es-CO-v1 mammalogy,vocab-es-CO-v1_153,vocab-es-CO-v1,vocab-es-CO-v1,vocab-item-bank-es-CO,vocab,vocab,levante-vocabulary-dev,mammalogy,vocab,mammalogy,test_response,vocab-item-150,vocab-item-150,1,0.25,2.58010000,,,mammalogy,vocab_word_mammalogy,vocab_word_mammalogy,,,,,"entomology,herpetology,ichthyology",dutch,,,test,vocab-item-150,153,vocab__mammalogy,,,,,,,,,3/31/2026 7:50am,0,"test mammalogy mammalogy entomology,herpetology,ichthyology",word,mammalogy,,,,vocab,,mammalogy,vocab-es-CO-v1,,"vocab_word_mammalogy v1_6 es-CO,vocab_word_mammalogy v1_6 de-DE,vocab_word_mammalogy v1_6 en-US",v1_6,,,3.0859,1,,3/31/2026 7:50am,es-CO,vocab_word_mammalogy v1_6 es-CO,vocab_word_mammalogy v1_6 es-CO,1.000,3.086,vocab_word_mammalogy-es-CO,1 checked out of 1,
vocab-es-CO-v1 metronome,vocab-es-CO-v1_154,vocab-es-CO-v1,vocab-es-CO-v1,vocab-item-bank-es-CO,vocab,vocab,levante-vocabulary-dev,metronome,vocab,metronome,test_response,vocab-item-151,vocab-item-151,1,0.25,1.01150000,,,metronome,vocab_word_metronome,vocab_word_metronome,,,,,"electricitymeter,protractor,voltmeter",dutch,,,test,vocab-item-151,154,vocab__metronome,,,,,,,,,3/31/2026 7:50am,0,"test metronome metronome electricitymeter,protractor,voltmeter",word,metronome,,,,vocab,,metronome,vocab-es-CO-v1,,"vocab_word_metronome v1_6 es-CO,vocab_word_metronome v1_6 de-DE,vocab_word_metronome v1_6 en-US",v1_6,,,2.8482,1,,3/31/2026 7:50am,es-CO,vocab_word_metronome v1_6 es-CO,vocab_word_metronome v1_6 es-CO,1.000,2.848,vocab_word_metronome-es-CO,1 checked out of 1,
vocab-es-CO-v1 paleontologist,vocab-es-CO-v1_155,vocab-es-CO-v1,vocab-es-CO-v1,vocab-item-bank-es-CO,vocab,vocab,levante-vocabulary-dev,paleontologist,vocab,paleontologist,test_response,vocab-item-152,vocab-item-152,1,0.25,-0.61560000,,,paleontologist,vocab_word_paleontologist,vocab_word_paleontologist,,,,,"labtechnician,surveyor,roadworker",dutch,,,test,vocab-item-152,155,vocab__paleontologist,,,,,,,,,3/31/2026 7:50am,0,"test paleontologist paleontologist labtechnician,surveyor,roadworker",word,paleontologist,,,,vocab,,paleontologist,vocab-es-CO-v1,,"vocab_word_paleontologist v1_6 es-CO,vocab_word_paleontologist v1_6 de-DE,vocab_word_paleontologist v1_6 en-US",v1_6,,,0.9754,1,,3/31/2026 7:50am,es-CO,vocab_word_paleontologist v1_6 es-CO,vocab_word_paleontologist v1_6 es-CO,1.000,0.975,vocab_word_paleontologist-es-CO,1 checked out of 1,
vocab-es-CO-v1 percussion,vocab-es-CO-v1_156,vocab-es-CO-v1,vocab-es-CO-v1,vocab-item-bank-es-CO,vocab,vocab,levante-vocabulary-dev,percussion,vocab,percussion,test_response,vocab-item-153,vocab-item-153,1,0.25,1.92760000,,,percussion,vocab_word_percussion,vocab_word_percussion,,,,,"accordion,cello,musicstand",dutch,,,test,vocab-item-153,156,vocab__percussion,,,,,,,,,3/31/2026 7:50am,0,"test percussion percussion accordion,cello,musicstand",word,percussion,,,,vocab,,percussion,vocab-es-CO-v1,,"vocab_word_percussion v1_6 es-CO,vocab_word_percussion v1_6 de-DE,vocab_word_percussion v1_6 en-US",v1_6,,,2.6555,1,,3/31/2026 7:50am,es-CO,vocab_word_percussion v1_6 es-CO,vocab_word_percussion v1_6 es-CO,1.000,2.656,vocab_word_percussion-es-CO,1 checked out of 1,
vocab-es-CO-v1 posterior,vocab-es-CO-v1_157,vocab-es-CO-v1,vocab-es-CO-v1,vocab-item-bank-es-CO,vocab,vocab,levante-vocabulary-dev,posterior,vocab,posterior,test_response,vocab-item-154,vocab-item-154,1,0.25,1.26710000,,,posterior,vocab_word_posterior,vocab_word_posterior,,,,,"frontal,inferior,lateral",dutch,,,test,vocab-item-154,157,vocab__posterior,,,,,,,,,3/31/2026 7:50am,0,"test posterior posterior frontal,inferior,lateral",word,posterior,,,,vocab,,posterior,vocab-es-CO-v1,,"vocab_word_posterior v1_6 es-CO,vocab_word_posterior v1_6 de-DE,vocab_word_posterior v1_6 en-US",v1_6,,,4.7422,1,,3/31/2026 7:50am,es-CO,vocab_word_posterior v1_6 es-CO,vocab_word_posterior v1_6 es-CO,1.000,4.742,vocab_word_posterior-es-CO,1 checked out of 1,
vocab-es-CO-v1 arbor,vocab-es-CO-v1_159,vocab-es-CO-v1,vocab-es-CO-v1,vocab-item-bank-es-CO,vocab,vocab,levante-vocabulary-dev,arbor,vocab,arbor,test_response,vocab-item-156,vocab-item-156,1,0.25,1.48440000,,,arbor,vocab_word_arbor,vocab_word_arbor,,,,,"castle,barn,tipi",dutch,,,test,vocab-item-156,159,vocab__arbor,,,,,,,,,3/31/2026 7:50am,0,"test arbor arbor castle,barn,tipi",word,arbor,,,,vocab,,arbor,vocab-es-CO-v1,,"vocab_word_arbor v1_6 es-CO,vocab_word_arbor v1_6 de-DE,vocab_word_arbor v1_6 en-US",v1_6,,,2.3611,1,,3/31/2026 7:50am,es-CO,vocab_word_arbor v1_6 es-CO,vocab_word_arbor v1_6 es-CO,1.000,2.361,vocab_word_arbor-es-CO,1 checked out of 1,
vocab-es-CO-v1 resuscitation,vocab-es-CO-v1_160,vocab-es-CO-v1,vocab-es-CO-v1,vocab-item-bank-es-CO,vocab,vocab,levante-vocabulary-dev,resuscitation,vocab,resuscitation,test_response,vocab-item-157,vocab-item-157,1,0.25,0.76600000,,,resuscitation,vocab_word_resuscitation,vocab_word_resuscitation,,,,,"breathing,pipetting,measurevolts",dutch,,,test,vocab-item-157,160,vocab__resuscitation,,,,,,,,,3/31/2026 7:50am,0,"test resuscitation resuscitation breathing,pipetting,measurevolts",word,resuscitation,,,,vocab,,resuscitation,vocab-es-CO-v1,,"vocab_word_resuscitation v1_6 es-CO,vocab_word_resuscitation v1_6 de-DE,vocab_word_resuscitation v1_6 en-US",v1_6,,,-1.3354,1,,3/31/2026 7:50am,es-CO,vocab_word_resuscitation v1_6 es-CO,vocab_word_resuscitation v1_6 es-CO,1.000,-1.335,vocab_word_resuscitation-es-CO,1 checked out of 1,
vocab-es-CO-v1 rosette,vocab-es-CO-v1_161,vocab-es-CO-v1,vocab-es-CO-v1,vocab-item-bank-es-CO,vocab,vocab,levante-vocabulary-dev,rosette,vocab,rosette,test_response,vocab-item-158,vocab-item-158,1,0.25,0.32780000,,,rosette,vocab_word_rosette,vocab_word_rosette,,,,,"brooch,manholecover,roseball",dutch,,,test,vocab-item-158,161,vocab__rosette,,,,,,,,,3/31/2026 7:50am,0,"test rosette rosette brooch,manholecover,roseball",word,rosette,,,,vocab,,rosette,vocab-es-CO-v1,,"vocab_word_rosette v1_6 es-CO,vocab_word_rosette v1_6 de-DE,vocab_word_rosette v1_6 en-US",v1_6,,,1.4726,1,,3/31/2026 7:50am,es-CO,vocab_word_rosette v1_6 es-CO,vocab_word_rosette v1_6 es-CO,1.000,1.473,vocab_word_rosette-es-CO,1 checked out of 1,
vocab-es-CO-v1 saffron,vocab-es-CO-v1_162,vocab-es-CO-v1,vocab-es-CO-v1,vocab-item-bank-es-CO,vocab,vocab,levante-vocabulary-dev,saffron,vocab,saffron,test_response,vocab-item-159,vocab-item-159,1,0.25,1.87760000,,,saffron,vocab_word_saffron,vocab_word_saffron,,,,,"cinnamon,clove,staranise",dutch,,,test,vocab-item-159,162,vocab__saffron,,,,,,,,,3/31/2026 7:50am,0,"test saffron saffron cinnamon,clove,staranise",word,saffron,,,,vocab,,saffron,vocab-es-CO-v1,,"vocab_word_saffron v1_6 es-CO,vocab_word_saffron v1_6 de-DE,vocab_word_saffron v1_6 en-US",v1_6,,,2.7734,1,,3/31/2026 7:50am,es-CO,vocab_word_saffron v1_6 es-CO,vocab_word_saffron v1_6 es-CO,1.000,2.773,vocab_word_saffron-es-CO,1 checked out of 1,
vocab-es-CO-v1 mischievous,vocab-es-CO-v1_163,vocab-es-CO-v1,vocab-es-CO-v1,vocab-item-bank-es-CO,vocab,vocab,levante-vocabulary-dev,mischievous,vocab,mischievous,test_response,vocab-item-160,vocab-item-160,1,0.25,0.28740000,,,mischievous,vocab_word_mischievous,vocab_word_mischievous,,,,,"irritated,headaches,suprised",dutch,,,test,vocab-item-160,163,vocab__mischievous,,,,,,,,,3/31/2026 7:50am,0,"test mischievous mischievous irritated,headaches,suprised",word,mischievous,,,,vocab,,mischievous,vocab-es-CO-v1,,"vocab_word_mischievous v1_6 es-CO,vocab_word_mischievous v1_6 de-DE,vocab_word_mischievous v1_6 en-US",v1_6,,,-1.4513,1,,3/31/2026 7:50am,es-CO,vocab_word_mischievous v1_6 es-CO,vocab_word_mischievous v1_6 es-CO,1.000,-1.451,vocab_word_mischievous-es-CO,1 checked out of 1,
vocab-es-CO-v1 skimmer,vocab-es-CO-v1_164,vocab-es-CO-v1,vocab-es-CO-v1,vocab-item-bank-es-CO,vocab,vocab,levante-vocabulary-dev,skimmer,vocab,skimmer,test_response,vocab-item-171,vocab-item-171,1,0.25,4.55040000,,,skimmer,vocab_word_skimmer,vocab_word_skimmer,,,,,"pastaspoon,spatula,strainer",dutch,,,test,vocab-item-171,164,vocab__skimmer,,,,,,,,,3/31/2026 7:50am,0,"test skimmer skimmer pastaspoon,spatula,strainer",word,skimmer,,,,vocab,,skimmer,vocab-es-CO-v1,,"vocab_word_skimmer v1_6 es-CO,vocab_word_skimmer v1_6 de-DE,vocab_word_skimmer v1_6 en-US",v1_6,,,4.2321,1,,3/31/2026 7:50am,es-CO,vocab_word_skimmer v1_6 es-CO,vocab_word_skimmer v1_6 es-CO,1.000,4.232,vocab_word_skimmer-es-CO,1 checked out of 1,
vocab-es-CO-v1 sedentary,vocab-es-CO-v1_165,vocab-es-CO-v1,vocab-es-CO-v1,vocab-item-bank-es-CO,vocab,vocab,levante-vocabulary-dev,sedentary,vocab,sedentary,test_response,vocab-item-162,vocab-item-162,1,0.25,1.39890000,,,sedentary,vocab_word_sedentary,vocab_word_sedentary,,,,,"proposal,effort,tripod",dutch,,,test,vocab-item-162,165,vocab__sedentary,,,,,,,,,3/31/2026 7:50am,0,"test sedentary sedentary proposal,effort,tripod",word,sedentary,,,,vocab,,sedentary,vocab-es-CO-v1,,"vocab_word_sedentary v1_6 es-CO,vocab_word_sedentary v1_6 de-DE,vocab_word_sedentary v1_6 en-US",v1_6,,,-1.0021,1,,3/31/2026 7:50am,es-CO,vocab_word_sedentary v1_6 es-CO,vocab_word_sedentary v1_6 es-CO,1.000,-1.002,vocab_word_sedentary-es-CO,1 checked out of 1,
vocab-es-CO-v1 suede,vocab-es-CO-v1_166,vocab-es-CO-v1,vocab-es-CO-v1,vocab-item-bank-es-CO,vocab,vocab,levante-vocabulary-dev,suede,vocab,suede,test_response,vocab-item-163,vocab-item-163,1,0.25,,,,suede,vocab_word_suede,vocab_word_suede,,,,,"jeans,cotton,silk",dutch,,,test,vocab-item-163,166,vocab__suede,,,,,,,,,3/12/2026 3:32pm,0,"test suede suede jeans,cotton,silk",word,suede,,,,vocab,,suede,vocab-es-CO-v1,,vocab_word_suede v1_6 de-DE,v1_6,,,,,,3/12/2026 3:32pm,es-CO,vocab_word_suede v1_6 es-CO,,,,vocab_word_suede-es-CO,1 checked out of 1,
vocab-es-CO-v1 turnstile,vocab-es-CO-v1_167,vocab-es-CO-v1,vocab-es-CO-v1,vocab-item-bank-es-CO,vocab,vocab,levante-vocabulary-dev,turnstile,vocab,turnstile,test_response,vocab-item-164,vocab-item-164,1,0.25,,,,turnstile,vocab_word_turnstile,vocab_word_turnstile,,,,,"wiper,scalpel,weathervane",dutch,,,test,vocab-item-164,167,vocab__turnstile,,,,,,,,,3/31/2026 9:05am,0,"test turnstile turnstile wiper,scalpel,weathervane",word,turnstile,,,,vocab,,turnstile,vocab-es-CO-v1,,"vocab_word_turnstile v1_6 de-DE,vocab_word_turnstile v1_6 en-US",v1_6,vocab_word_turnstile-es-CO,5.000,5.0000,,,3/31/2026 9:05am,es-CO,vocab_word_turnstile v1_6 es-CO,,,,vocab_word_turnstile-es-CO,1 checked out of 1,
vocab-es-CO-v1 triad,vocab-es-CO-v1_168,vocab-es-CO-v1,vocab-es-CO-v1,vocab-item-bank-es-CO,vocab,vocab,levante-vocabulary-dev,triad,vocab,triad,test_response,vocab-item-165,vocab-item-165,1,0.25,2.19040000,,,triad,vocab_word_triad,vocab_word_triad,,,,,"duo,myriad,quartet",dutch,,,test,vocab-item-165,168,vocab__triad,,,,,,,,,3/31/2026 7:50am,0,"test triad triad duo,myriad,quartet",word,triad,,,,vocab,,triad,vocab-es-CO-v1,,"vocab_word_triad v1_6 es-CO,vocab_word_triad v1_6 de-DE,vocab_word_triad v1_6 en-US",v1_6,,,2.4078,1,,3/31/2026 7:50am,es-CO,vocab_word_triad v1_6 es-CO,vocab_word_triad v1_6 es-CO,1.000,2.408,vocab_word_triad-es-CO,1 checked out of 1,
vocab-es-CO-v1 dredging,vocab-es-CO-v1_169,vocab-es-CO-v1,vocab-es-CO-v1,vocab-item-bank-es-CO,vocab,vocab,levante-vocabulary-dev,dredging,vocab,dredging,test_response,vocab-item-166,vocab-item-166,1,0.25,1.88840000,,,dredging,vocab_word_dredging,vocab_word_dredging,,,,,"mow,deforestation,saltextraction",dutch,,,test,vocab-item-166,169,vocab__dredging,,,,,,,,,3/31/2026 7:50am,0,"test dredging dredging mow,deforestation,saltextraction",word,dredging,,,,vocab,,dredging,vocab-es-CO-v1,,"vocab_word_dredging v1_6 es-CO,vocab_word_dredging v1_6 de-DE,vocab_word_dredging v1_6 en-US",v1_6,,,3.3536,1,,3/31/2026 7:50am,es-CO,vocab_word_dredging v1_6 es-CO,vocab_word_dredging v1_6 es-CO,1.000,3.354,vocab_word_dredging-es-CO,1 checked out of 1,
vocab-es-CO-v1 urban,vocab-es-CO-v1_170,vocab-es-CO-v1,vocab-es-CO-v1,vocab-item-bank-es-CO,vocab,vocab,levante-vocabulary-dev,urban,vocab,urban,test_response,vocab-item-167,vocab-item-167,1,0.25,2.91180000,,,urban,vocab_word_urban,vocab_word_urban,,,,,"village,maritime,rural",dutch,,,test,vocab-item-167,170,vocab__urban,,,,,,,,,3/31/2026 7:50am,0,"test urban urban village,maritime,rural",word,urban,,,,vocab,,urban,vocab-es-CO-v1,,"vocab_word_urban v1_6 es-CO,vocab_word_urban v1_6 de-DE,vocab_word_urban v1_6 en-US",v1_6,,,1.6863,1,,3/31/2026 7:50am,es-CO,vocab_word_urban v1_6 es-CO,vocab_word_urban v1_6 es-CO,1.000,1.686,vocab_word_urban-es-CO,1 checked out of 1,
vocab-es-CO-v1 steam,vocab-es-CO-v1_171,vocab-es-CO-v1,vocab-es-CO-v1,vocab-item-bank-es-CO,vocab,vocab,levante-vocabulary-dev,steam,vocab,steam,test_response,vocab-item-168,vocab-item-168,1,0.25,-1.43230000,,,steam,vocab_word_steam,vocab_word_steam,,,,,"pottery,rust,blacksmith",dutch,,,test,vocab-item-168,171,vocab__steam,,,,,,,,,3/31/2026 7:50am,0,"test steam steam pottery,rust,blacksmith",word,steam,,,,vocab,,steam,vocab-es-CO-v1,,"vocab_word_steam v1_6 es-CO,vocab_word_steam v1_6 de-DE,vocab_word_steam v1_6 en-US",v1_6,,,-0.7877,1,,3/31/2026 7:50am,es-CO,vocab_word_steam v1_6 es-CO,vocab_word_steam v1_6 es-CO,1.000,-0.788,vocab_word_steam-es-CO,1 checked out of 1,
vocab-es-CO-v1 vertebra,vocab-es-CO-v1_172,vocab-es-CO-v1,vocab-es-CO-v1,vocab-item-bank-es-CO,vocab,vocab,levante-vocabulary-dev,vertebra,vocab,vertebra,test_response,vocab-item-169,vocab-item-169,1,0.25,1.18650000,,,vertebra,vocab_word_vertebra,vocab_word_vertebra,,,,,"leg,hip,skull",dutch,,,test,vocab-item-169,172,vocab__vertebra,,,,,,,,,3/31/2026 7:50am,0,"test vertebra vertebra leg,hip,skull",word,vertebra,,,,vocab,,vertebra,vocab-es-CO-v1,,"vocab_word_vertebra v1_6 es-CO,vocab_word_vertebra v1_6 de-DE,vocab_word_vertebra v1_6 en-US",v1_6,,,2.3535,1,,3/31/2026 7:50am,es-CO,vocab_word_vertebra v1_6 es-CO,vocab_word_vertebra v1_6 es-CO,1.000,2.354,vocab_word_vertebra-es-CO,1 checked out of 1,
vocab-es-CO-v1 bandage,vocab-es-CO-v1_173,vocab-es-CO-v1,vocab-es-CO-v1,vocab-item-bank-es-CO,vocab,vocab,levante-vocabulary-dev,bandage,vocab,bandage,test_response,vocab-item-170,vocab-item-170,1,0.25,-3.11420000,,,bandage,vocab_word_bandage,vocab_word_bandage,,,,,"stretcher,bagbinder,mop",dutch,,,test,vocab-item-170,173,vocab__bandage,,,,,,,,,3/31/2026 7:50am,0,"test bandage bandage stretcher,bagbinder,mop",word,bandage,,,,vocab,,bandage,vocab-es-CO-v1,,"vocab_word_bandage v1_6 es-CO,vocab_word_bandage v1_6 de-DE,vocab_word_bandage v1_6 en-US",v1_6,,,-0.0147,1,,3/31/2026 7:50am,es-CO,vocab_word_bandage v1_6 es-CO,vocab_word_bandage v1_6 es-CO,1.000,-0.015,vocab_word_bandage-es-CO,1 checked out of 1,