corpus_item_id,sheet_row,corpus_link,corpus_id,corpus_file_name,task_link,task_id,task_dir,item_id,task,answer,assessment_stage,audio_file (old),audio_file link,block_index,chance_level,d,difficulty_old,image,item,item_link,item_uid,orig_item_num,prompt,randomize,required_selections,response_alternatives,source,time_limit,trial_num,trial_type,audio_file,row,item_uid sheet,a,g,u,trial_attributes,notes,form_construct,num_cards,num_dimensions,Last Modified,item_uid_check,item_key,group,entry,item_uid_temp,task_id_temp,corpus_id_temp,item_task (from item_link),tom_scenario,task_item_link,corpus_short_name,downex,registry_parameters (from item_link),corpus_registry_version,inferred_parameters,difficulty_inferred,difficulty,discrimination,block_threshold,last_modified,corpus_language,registry_parameter_helper,registry_parameter,discrimination_registry,difficulty_registry,item_uid_language,corpus_active,story_group
vocab-en-GB-v1 vocab-instruct-1,vocab-en-GB-v1_1,vocab-en-GB-v1,vocab-en-GB-v1,vocab-item-bank-en-GB,vocab,vocab,levante-vocabulary-dev,vocab-instruct-1,vocab,,instructions,vocab-instruct-1,vocab-instruct-1,0,,,,,,,,,,,,,,,,instructions,vocab-instruct-1,1,vocab-instruct-1,,,,,,,,,7/28/2026 2:17pm,1,instructions   ,,,,,,,,vocab-instruct-1,vocab-en-GB-v1,,,v1_6,,,,,,7/28/2026 2:17pm,,,,,,,0 checked out of 1,
vocab-en-GB-v1 vocab-instruct-2,vocab-en-GB-v1_2,vocab-en-GB-v1,vocab-en-GB-v1,vocab-item-bank-en-GB,vocab,vocab,levante-vocabulary-dev,vocab-instruct-2,vocab,,instructions,vocab-instruct-2,vocab-instruct-2,0,,,,,,,,,,,,,,,,instructions,vocab-instruct-2,2,vocab-instruct-2,,,,,,,,,7/28/2026 2:17pm,1,instructions   ,,,,,,,,vocab-instruct-2,vocab-en-GB-v1,,,v1_6,,,,,,7/28/2026 2:17pm,,,,,,,0 checked out of 1,
vocab-en-GB-v1 vocab-instruct-3,vocab-en-GB-v1_3,vocab-en-GB-v1,vocab-en-GB-v1,vocab-item-bank-en-GB,vocab,vocab,levante-vocabulary-dev,vocab-instruct-3,vocab,,instructions,vocab-instruct-3,vocab-instruct-3,0,,,,,,,,,,,,,,,,instructions,vocab-instruct-3,3,vocab-instruct-3,,,,,,,,,7/28/2026 2:17pm,1,instructions   ,,,,,,,,vocab-instruct-3,vocab-en-GB-v1,,,v1_6,,,,,,7/28/2026 2:17pm,,,,,,,0 checked out of 1,
vocab-en-GB-v1 acorn,vocab-en-GB-v1_4,vocab-en-GB-v1,vocab-en-GB-v1,vocab-item-bank-en-GB,vocab,vocab,levante-vocabulary-dev,acorn,vocab,acorn,test_response,vocab-item-001,vocab-item-001,1,0.25,-4.18620000,,,acorn,vocab_word_acorn,vocab_word_acorn,,,,,"coconut,key,clothesline",clip,,,test,vocab-item-001,4,vocab__acorn,,,,,,,,,7/28/2026 2:21pm,0,"test acorn acorn coconut,key,clothesline",word,acorn,,,,vocab,,acorn,vocab-en-GB-v1,,"vocab_word_acorn v1_6 es-CO,vocab_word_acorn v1_6 de-DE,vocab_word_acorn v1_6 en-US",v1_6,,,-3.4341,1,,7/28/2026 2:21pm,,vocab_word_acorn v1_6 ,vocab_word_acorn v1_6 en-US,1.000,-3.434,vocab_word_acorn,0 checked out of 1,
vocab-en-GB-v1 aloe,vocab-en-GB-v1_5,vocab-en-GB-v1,vocab-en-GB-v1,vocab-item-bank-en-GB,vocab,vocab,levante-vocabulary-dev,aloe,vocab,aloe,test_response,vocab-item-002,vocab-item-002,1,0.25,-0.08900000,,,aloe,vocab_word_aloe,vocab_word_aloe,,,,,"bracket,cactus,banner",clip,,,test,vocab-item-002,5,vocab__aloe,,,,,,,,,7/28/2026 2:21pm,0,"test aloe aloe bracket,cactus,banner",word,aloe,,,,vocab,,aloe,vocab-en-GB-v1,,"vocab_word_aloe v1_6 es-CO,vocab_word_aloe v1_6 de-DE,vocab_word_aloe v1_6 en-US",v1_6,,,1.2672,1,,7/28/2026 2:21pm,,vocab_word_aloe v1_6 ,vocab_word_aloe v1_6 en-US,1.000,1.267,vocab_word_aloe,0 checked out of 1,
vocab-en-GB-v1 antenna,vocab-en-GB-v1_6,vocab-en-GB-v1,vocab-en-GB-v1,vocab-item-bank-en-GB,vocab,vocab,levante-vocabulary-dev,antenna,vocab,antenna,test_response,vocab-item-003,vocab-item-003,1,0.25,-1.14640000,,,antenna,vocab_word_antenna,vocab_word_antenna,,,,,"pinecone,stem,backgammon",clip,,,test,vocab-item-003,6,vocab__antenna,,,,,,,,,7/28/2026 2:21pm,0,"test antenna antenna pinecone,stem,backgammon",word,antenna,,,,vocab,,antenna,vocab-en-GB-v1,,"vocab_word_antenna v1_6 es-CO,vocab_word_antenna v1_6 de-DE,vocab_word_antenna v1_6 en-US",v1_6,,,-0.2931,1,,7/28/2026 2:21pm,,vocab_word_antenna v1_6 ,vocab_word_antenna v1_6 en-US,1.000,-0.293,vocab_word_antenna,0 checked out of 1,
vocab-en-GB-v1 artichoke,vocab-en-GB-v1_7,vocab-en-GB-v1,vocab-en-GB-v1,vocab-item-bank-en-GB,vocab,vocab,levante-vocabulary-dev,artichoke,vocab,artichoke,test_response,vocab-item-004,vocab-item-004,1,0.25,-0.93240000,,,artichoke,vocab_word_artichoke,vocab_word_artichoke,,,,,"leek,sunroof,cello",clip,,,test,vocab-item-004,7,vocab__artichoke,,,,,,,,,7/28/2026 2:21pm,0,"test artichoke artichoke leek,sunroof,cello",word,artichoke,,,,vocab,,artichoke,vocab-en-GB-v1,,"vocab_word_artichoke v1_6 es-CO,vocab_word_artichoke v1_6 de-DE,vocab_word_artichoke v1_6 en-US",v1_6,,,0.1147,1,,7/28/2026 2:21pm,,vocab_word_artichoke v1_6 ,vocab_word_artichoke v1_6 en-US,1.000,0.115,vocab_word_artichoke,0 checked out of 1,
vocab-en-GB-v1 bamboo,vocab-en-GB-v1_8,vocab-en-GB-v1,vocab-en-GB-v1,vocab-item-bank-en-GB,vocab,vocab,levante-vocabulary-dev,bamboo,vocab,bamboo,test_response,vocab-item-005,vocab-item-005,1,0.25,,,,bamboo,vocab_word_bamboo,vocab_word_bamboo,,,,,"lumber,yacht,apron",clip,,,test,vocab-item-005,8,vocab__bamboo,,,,,,,,,7/28/2026 2:21pm,0,"test bamboo bamboo lumber,yacht,apron",word,bamboo,,,,vocab,,bamboo,vocab-en-GB-v1,,"vocab_word_bamboo v1_6 es-CO,vocab_word_bamboo v1_6 de-DE,vocab_word_bamboo v1_6 en-US",v1_6,,,-2.3392,1,,7/28/2026 2:21pm,,vocab_word_bamboo v1_6 ,vocab_word_bamboo v1_6 en-US,1.000,-2.339,vocab_word_bamboo,0 checked out of 1,
vocab-en-GB-v1 barrel,vocab-en-GB-v1_9,vocab-en-GB-v1,vocab-en-GB-v1,vocab-item-bank-en-GB,vocab,vocab,levante-vocabulary-dev,barrel,vocab,barrel,test_response,vocab-item-006,vocab-item-006,1,0.25,-3.03600000,,,barrel,vocab_word_barrel,vocab_word_barrel,,,,,"bucket,shelf,anteater",clip,,,test,vocab-item-006,9,vocab__barrel,,,,,,,,,7/28/2026 2:21pm,0,"test barrel barrel bucket,shelf,anteater",word,barrel,,,,vocab,,barrel,vocab-en-GB-v1,,"vocab_word_barrel v1_6 es-CO,vocab_word_barrel v1_6 de-DE,vocab_word_barrel v1_6 en-US",v1_6,,,-2.0477,1,,7/28/2026 2:21pm,,vocab_word_barrel v1_6 ,vocab_word_barrel v1_6 en-US,1.000,-2.048,vocab_word_barrel,0 checked out of 1,
vocab-en-GB-v1 blender,vocab-en-GB-v1_10,vocab-en-GB-v1,vocab-en-GB-v1,vocab-item-bank-en-GB,vocab,vocab,levante-vocabulary-dev,blender,vocab,blender,test_response,vocab-item-007,vocab-item-007,1,0.25,,,,blender,vocab_word_blender,vocab_word_blender,,,,,"blind,mailbox,trampoline",clip,,,test,vocab-item-007,10,vocab__blender,,,,,,,,,7/28/2026 2:21pm,0,"test blender blender blind,mailbox,trampoline",word,blender,,,,vocab,,blender,vocab-en-GB-v1,,"vocab_word_blender v1_6 es-CO,vocab_word_blender v1_6 de-DE,vocab_word_blender v1_6 en-US",v1_6,,,-2.1178,1,,7/28/2026 2:21pm,,vocab_word_blender v1_6 ,vocab_word_blender v1_6 en-US,1.000,-2.118,vocab_word_blender,0 checked out of 1,
vocab-en-GB-v1 blower,vocab-en-GB-v1_11,vocab-en-GB-v1,vocab-en-GB-v1,vocab-item-bank-en-GB,vocab,vocab,levante-vocabulary-dev,blower,vocab,blower,test_response,vocab-item-008,vocab-item-008,1,0.25,-2.46510000,,,blower,vocab_word_blower,vocab_word_blower,,,,,"buggy,burner,papaya",clip,,,test,vocab-item-008,11,vocab__blower,,,,,,,,,7/28/2026 2:21pm,0,"test blower blower buggy,burner,papaya",word,blower,,,,vocab,,blower,vocab-en-GB-v1,,"vocab_word_blower v1_6 es-CO,vocab_word_blower v1_6 de-DE,vocab_word_blower v1_6 en-US",v1_6,,,-3.3678,1,,7/28/2026 2:21pm,,vocab_word_blower v1_6 ,vocab_word_blower v1_6 en-US,1.000,-3.368,vocab_word_blower,0 checked out of 1,
vocab-en-GB-v1 bouquet,vocab-en-GB-v1_12,vocab-en-GB-v1,vocab-en-GB-v1,vocab-item-bank-en-GB,vocab,vocab,levante-vocabulary-dev,bouquet,vocab,bouquet,test_response,vocab-item-009,vocab-item-009,1,0.25,-1.70520000,,,bouquet,vocab_word_bouquet,vocab_word_bouquet,,,,,"flowerpot,centerpiece,submarine",clip,,,test,vocab-item-009,12,vocab__bouquet,,,,,,,,,7/28/2026 2:21pm,0,"test bouquet bouquet flowerpot,centerpiece,submarine",word,bouquet,,,,vocab,,bouquet,vocab-en-GB-v1,,"vocab_word_bouquet v1_6 es-CO,vocab_word_bouquet v1_6 de-DE,vocab_word_bouquet v1_6 en-US",v1_6,,,-1.1634,1,,7/28/2026 2:21pm,,vocab_word_bouquet v1_6 ,vocab_word_bouquet v1_6 en-US,1.000,-1.163,vocab_word_bouquet,0 checked out of 1,
vocab-en-GB-v1 buffet,vocab-en-GB-v1_13,vocab-en-GB-v1,vocab-en-GB-v1,vocab-item-bank-en-GB,vocab,vocab,levante-vocabulary-dev,buffet,vocab,buffet,test_response,vocab-item-010,vocab-item-010,1,0.25,,,,buffet,vocab_word_buffet,vocab_word_buffet,,,,,"counter,crib,rhubarb",clip,,,test,vocab-item-010,13,vocab__buffet,,,,,,,,,7/28/2026 2:21pm,0,"test buffet buffet counter,crib,rhubarb",word,buffet,,,,vocab,,buffet,vocab-en-GB-v1,,"vocab_word_buffet v1_6 es-CO,vocab_word_buffet v1_6 de-DE,vocab_word_buffet v1_6 en-US",v1_6,,,-1.2473,1,,7/28/2026 2:21pm,,vocab_word_buffet v1_6 ,vocab_word_buffet v1_6 en-US,1.000,-1.247,vocab_word_buffet,0 checked out of 1,
vocab-en-GB-v1 bulldozer,vocab-en-GB-v1_14,vocab-en-GB-v1,vocab-en-GB-v1,vocab-item-bank-en-GB,vocab,vocab,levante-vocabulary-dev,bulldozer,vocab,bulldozer,test_response,vocab-item-011,vocab-item-011,1,0.25,-1.73540000,,,bulldozer,vocab_word_bulldozer,vocab_word_bulldozer,,,,,"orange,tractor,eggplant",clip,,,test,vocab-item-011,14,vocab__bulldozer,,,,,,,,,7/28/2026 2:21pm,0,"test bulldozer bulldozer orange,tractor,eggplant",word,bulldozer,,,,vocab,,bulldozer,vocab-en-GB-v1,,"vocab_word_bulldozer v1_6 es-CO,vocab_word_bulldozer v1_6 de-DE,vocab_word_bulldozer v1_6 en-US",v1_6,,,-0.7506,1,,7/28/2026 2:21pm,,vocab_word_bulldozer v1_6 ,vocab_word_bulldozer v1_6 en-US,1.000,-0.751,vocab_word_bulldozer,0 checked out of 1,
vocab-en-GB-v1 cake,vocab-en-GB-v1_15,vocab-en-GB-v1,vocab-en-GB-v1,vocab-item-bank-en-GB,vocab,vocab,levante-vocabulary-dev,cake,vocab,cake,test_response,vocab-item-012,vocab-item-012,1,0.25,,,,cake,vocab_word_cake,vocab_word_cake,,,,,"dessert,refrigerator,battery",clip,,,test,vocab-item-012,15,vocab__cake,,,,,,,,,7/28/2026 2:21pm,0,"test cake cake dessert,refrigerator,battery",word,cake,,,,vocab,,cake,vocab-en-GB-v1,,"vocab_word_cake v1_6 es-CO,vocab_word_cake v1_6 de-DE,vocab_word_cake v1_6 en-US",v1_6,,,-2.8473,1,,7/28/2026 2:21pm,,vocab_word_cake v1_6 ,vocab_word_cake v1_6 en-US,1.000,-2.847,vocab_word_cake,0 checked out of 1,
vocab-en-GB-v1 caramel,vocab-en-GB-v1_16,vocab-en-GB-v1,vocab-en-GB-v1,vocab-item-bank-en-GB,vocab,vocab,levante-vocabulary-dev,caramel,vocab,caramel,test_response,vocab-item-013,vocab-item-013,1,0.25,-2.00870000,,,caramel,vocab_word_caramel,vocab_word_caramel,,,,,"amber,olive,warthog",clip,,,test,vocab-item-013,16,vocab__caramel,,,,,,,,,7/28/2026 2:21pm,0,"test caramel caramel amber,olive,warthog",word,caramel,,,,vocab,,caramel,vocab-en-GB-v1,,"vocab_word_caramel v1_6 es-CO,vocab_word_caramel v1_6 de-DE,vocab_word_caramel v1_6 en-US",v1_6,,,-1.3743,1,,7/28/2026 2:21pm,,vocab_word_caramel v1_6 ,vocab_word_caramel v1_6 en-US,1.000,-1.374,vocab_word_caramel,0 checked out of 1,
vocab-en-GB-v1 carousel,vocab-en-GB-v1_17,vocab-en-GB-v1,vocab-en-GB-v1,vocab-item-bank-en-GB,vocab,vocab,levante-vocabulary-dev,carousel,vocab,carousel,test_response,vocab-item-014,vocab-item-014,1,0.25,-1.39250000,,,carousel,vocab_word_carousel,vocab_word_carousel,,,,,"carriage,dish,melon",clip,,,test,vocab-item-014,17,vocab__carousel,,,,,,,,,7/28/2026 2:21pm,0,"test carousel carousel carriage,dish,melon",word,carousel,,,,vocab,,carousel,vocab-en-GB-v1,,"vocab_word_carousel v1_6 es-CO,vocab_word_carousel v1_6 de-DE,vocab_word_carousel v1_6 en-US",v1_6,,,-0.0533,1,,7/28/2026 2:21pm,,vocab_word_carousel v1_6 ,vocab_word_carousel v1_6 en-US,1.000,-0.053,vocab_word_carousel,0 checked out of 1,
vocab-en-GB-v1 carrot,vocab-en-GB-v1_18,vocab-en-GB-v1,vocab-en-GB-v1,vocab-item-bank-en-GB,vocab,vocab,levante-vocabulary-dev,carrot,vocab,carrot,test_response,vocab-item-015,vocab-item-015,1,0.25,-4.43450000,,,carrot,vocab_word_carrot,vocab_word_carrot,,,,,"phone,vegetable,bathtub",clip,,,test,vocab-item-015,18,vocab__carrot,,,,,,,,,7/28/2026 2:21pm,0,"test carrot carrot phone,vegetable,bathtub",word,carrot,,,,vocab,,carrot,vocab-en-GB-v1,,"vocab_word_carrot v1_6 es-CO,vocab_word_carrot v1_6 en-US",v1_6,,,-3.5538,1,,7/28/2026 2:21pm,,vocab_word_carrot v1_6 ,vocab_word_carrot v1_6 en-US,1.000,-3.554,vocab_word_carrot,0 checked out of 1,
vocab-en-GB-v1 cassette,vocab-en-GB-v1_19,vocab-en-GB-v1,vocab-en-GB-v1,vocab-item-bank-en-GB,vocab,vocab,levante-vocabulary-dev,cassette,vocab,cassette,test_response,vocab-item-016,vocab-item-016,1,0.25,-1.25170000,,,cassette,vocab_word_cassette,vocab_word_cassette,,,,,"book,tape,hammock",clip,,,test,vocab-item-016,19,vocab__cassette,,,,,,,,,7/28/2026 2:21pm,0,"test cassette cassette book,tape,hammock",word,cassette,,,,vocab,,cassette,vocab-en-GB-v1,,"vocab_word_cassette v1_6 es-CO,vocab_word_cassette v1_6 de-DE,vocab_word_cassette v1_6 en-US",v1_6,,,-0.3174,1,,7/28/2026 2:21pm,,vocab_word_cassette v1_6 ,vocab_word_cassette v1_6 en-US,1.000,-0.317,vocab_word_cassette,0 checked out of 1,
vocab-en-GB-v1 cheese,vocab-en-GB-v1_20,vocab-en-GB-v1,vocab-en-GB-v1,vocab-item-bank-en-GB,vocab,vocab,levante-vocabulary-dev,cheese,vocab,cheese,test_response,vocab-item-017,vocab-item-017,1,0.25,-0.07190000,,,cheese,vocab_word_cheese,vocab_word_cheese,,,,,"butter,mud,hippopotamus",clip,,,test,vocab-item-017,20,vocab__cheese,,,,,,,,,7/28/2026 2:21pm,0,"test cheese cheese butter,mud,hippopotamus",word,cheese,,,,vocab,,cheese,vocab-en-GB-v1,,"vocab_word_cheese v1_6 es-CO,vocab_word_cheese v1_6 de-DE,vocab_word_cheese v1_6 en-US",v1_6,,,0.5949,1,,7/28/2026 2:21pm,,vocab_word_cheese v1_6 ,vocab_word_cheese v1_6 en-US,1.000,0.595,vocab_word_cheese,0 checked out of 1,
vocab-en-GB-v1 cloak,vocab-en-GB-v1_21,vocab-en-GB-v1,vocab-en-GB-v1,vocab-item-bank-en-GB,vocab,vocab,levante-vocabulary-dev,cloak,vocab,cloak,test_response,vocab-item-018,vocab-item-018,1,0.25,-0.88000000,,,cloak,vocab_word_cloak,vocab_word_cloak,,,,,"cinnamon,hood,jellyfish",clip,,,test,vocab-item-018,21,vocab__cloak,,,,,,,,,7/28/2026 2:21pm,0,"test cloak cloak cinnamon,hood,jellyfish",word,cloak,,,,vocab,,cloak,vocab-en-GB-v1,,"vocab_word_cloak v1_6 es-CO,vocab_word_cloak v1_6 de-DE,vocab_word_cloak v1_6 en-US",v1_6,,,0.7814,1,,7/28/2026 2:21pm,,vocab_word_cloak v1_6 ,vocab_word_cloak v1_6 en-US,1.000,0.781,vocab_word_cloak,0 checked out of 1,
vocab-en-GB-v1 clothespin,vocab-en-GB-v1_22,vocab-en-GB-v1,vocab-en-GB-v1,vocab-item-bank-en-GB,vocab,vocab,levante-vocabulary-dev,clothespin,vocab,clothespin,test_response,vocab-item-019,vocab-item-019,1,0.25,-2.71660000,,,clothespin,vocab_word_clothespin,vocab_word_clothespin,,,,,"toothpick,volleyball,hanger",clip,,,test,vocab-item-019,22,vocab__clothespin,,,,,,,,,7/28/2026 2:21pm,0,"test clothespin clothespin toothpick,volleyball,hanger",word,clothespin,,,,vocab,,clothespin,vocab-en-GB-v1,,"vocab_word_clothespin v1_6 es-CO,vocab_word_clothespin v1_6 en-US",v1_6,,,-0.3524,1,,7/28/2026 2:21pm,,vocab_word_clothespin v1_6 ,vocab_word_clothespin v1_6 en-US,1.000,-0.352,vocab_word_clothespin,0 checked out of 1,
vocab-en-GB-v1 coaster,vocab-en-GB-v1_23,vocab-en-GB-v1,vocab-en-GB-v1,vocab-item-bank-en-GB,vocab,vocab,levante-vocabulary-dev,coaster,vocab,coaster,test_response,vocab-item-020,vocab-item-020,1,0.25,-0.42660000,,,coaster,vocab_word_coaster,vocab_word_coaster,,,,,"card,tablecloth,hummingbird",clip,,,test,vocab-item-020,23,vocab__coaster,,,,,,,,,7/28/2026 2:21pm,0,"test coaster coaster card,tablecloth,hummingbird",word,coaster,,,,vocab,,coaster,vocab-en-GB-v1,,"vocab_word_coaster v1_6 es-CO,vocab_word_coaster v1_6 de-DE,vocab_word_coaster v1_6 en-US",v1_6,,,1.5977,1,,7/28/2026 2:21pm,,vocab_word_coaster v1_6 ,vocab_word_coaster v1_6 en-US,1.000,1.598,vocab_word_coaster,0 checked out of 1,
vocab-en-GB-v1 cork,vocab-en-GB-v1_24,vocab-en-GB-v1,vocab-en-GB-v1,vocab-item-bank-en-GB,vocab,vocab,levante-vocabulary-dev,cork,vocab,cork,test_response,vocab-item-021,vocab-item-021,1,0.25,-2.09110000,,,cork,vocab_word_cork,vocab_word_cork,,,,,"jersey,skateboard,mascara",clip,,,test,vocab-item-021,24,vocab__cork,,,,,,,,,7/28/2026 2:21pm,0,"test cork cork jersey,skateboard,mascara",word,cork,,,,vocab,,cork,vocab-en-GB-v1,,"vocab_word_cork v1_6 es-CO,vocab_word_cork v1_6 de-DE,vocab_word_cork v1_6 en-US",v1_6,,,-0.1597,1,,7/28/2026 2:21pm,,vocab_word_cork v1_6 ,vocab_word_cork v1_6 en-US,1.000,-0.160,vocab_word_cork,0 checked out of 1,
vocab-en-GB-v1 corset,vocab-en-GB-v1_26,vocab-en-GB-v1,vocab-en-GB-v1,vocab-item-bank-en-GB,vocab,vocab,levante-vocabulary-dev,corset,vocab,corset,test_response,vocab-item-023,vocab-item-023,1,0.25,-0.04100000,,,corset,vocab_word_corset,vocab_word_corset,,,,,"harness,mantle,bonsai",clip,,,test,vocab-item-023,26,vocab__corset,,,,,,,,,7/28/2026 2:21pm,0,"test corset corset harness,mantle,bonsai",word,corset,,,,vocab,,corset,vocab-en-GB-v1,,"vocab_word_corset v1_6 es-CO,vocab_word_corset v1_6 de-DE,vocab_word_corset v1_6 en-US",v1_6,,,1.4056,1,,7/28/2026 2:21pm,,vocab_word_corset v1_6 ,vocab_word_corset v1_6 en-US,1.000,1.406,vocab_word_corset,0 checked out of 1,
vocab-en-GB-v1 dumpling,vocab-en-GB-v1_27,vocab-en-GB-v1,vocab-en-GB-v1,vocab-item-bank-en-GB,vocab,vocab,levante-vocabulary-dev,dumpling,vocab,dumpling,test_response,vocab-item-024,vocab-item-024,1,0.25,-2.33860000,,,dumpling,vocab_word_dumpling,vocab_word_dumpling,,,,,"meatball,rocket,coyote",clip,,,test,vocab-item-024,27,vocab__dumpling,,,,,,,,,7/28/2026 2:21pm,0,"test dumpling dumpling meatball,rocket,coyote",word,dumpling,,,,vocab,,dumpling,vocab-en-GB-v1,,"vocab_word_dumpling v1_6 es-CO,vocab_word_dumpling v1_6 de-DE,vocab_word_dumpling v1_6 en-US",v1_6,,,-0.6064,1,,7/28/2026 2:21pm,,vocab_word_dumpling v1_6 ,vocab_word_dumpling v1_6 en-US,1.000,-0.606,vocab_word_dumpling,0 checked out of 1,
vocab-en-GB-v1 elbow,vocab-en-GB-v1_28,vocab-en-GB-v1,vocab-en-GB-v1,vocab-item-bank-en-GB,vocab,vocab,levante-vocabulary-dev,elbow,vocab,elbow,test_response,vocab-item-025,vocab-item-025,1,0.25,-2.26870000,,,elbow,vocab_word_elbow,vocab_word_elbow,,,,,"arm,bed,gorilla",clip,,,test,vocab-item-025,28,vocab__elbow,,,,,,,,,7/28/2026 2:21pm,0,"test elbow elbow arm,bed,gorilla",word,elbow,,,,vocab,,elbow,vocab-en-GB-v1,,"vocab_word_elbow v1_6 es-CO,vocab_word_elbow v1_6 de-DE,vocab_word_elbow v1_6 en-US",v1_6,,,-1.9901,1,,7/28/2026 2:21pm,,vocab_word_elbow v1_6 ,vocab_word_elbow v1_6 en-US,1.000,-1.990,vocab_word_elbow,0 checked out of 1,
vocab-en-GB-v1 fan,vocab-en-GB-v1_29,vocab-en-GB-v1,vocab-en-GB-v1,vocab-item-bank-en-GB,vocab,vocab,levante-vocabulary-dev,fan,vocab,fan,test_response,vocab-item-026,vocab-item-026,1,0.25,-4.05010000,,,fan,vocab_word_fan,vocab_word_fan,,,,,"album,boulder,chipmunk",clip,,,test,vocab-item-026,29,vocab__fan,,,,,,,,,7/28/2026 2:21pm,0,"test fan fan album,boulder,chipmunk",word,fan,,,,vocab,,fan,vocab-en-GB-v1,,"vocab_word_fan v1_6 es-CO,vocab_word_fan v1_6 de-DE,vocab_word_fan v1_6 en-US",v1_6,,,-2.7885,1,,7/28/2026 2:21pm,,vocab_word_fan v1_6 ,vocab_word_fan v1_6 en-US,1.000,-2.789,vocab_word_fan,0 checked out of 1,
vocab-en-GB-v1 foam,vocab-en-GB-v1_30,vocab-en-GB-v1,vocab-en-GB-v1,vocab-item-bank-en-GB,vocab,vocab,levante-vocabulary-dev,foam,vocab,foam,test_response,vocab-item-027,vocab-item-027,1,0.25,-2.40140000,,,foam,vocab_word_foam,vocab_word_foam,,,,,"float,quilt,asparagus",clip,,,test,vocab-item-027,30,vocab__foam,,,,,,,,,7/28/2026 2:21pm,0,"test foam foam float,quilt,asparagus",word,foam,,,,vocab,,foam,vocab-en-GB-v1,,"vocab_word_foam v1_6 es-CO,vocab_word_foam v1_6 de-DE,vocab_word_foam v1_6 en-US",v1_6,,,-1.6975,1,,7/28/2026 2:21pm,,vocab_word_foam v1_6 ,vocab_word_foam v1_6 en-US,1.000,-1.698,vocab_word_foam,0 checked out of 1,
vocab-en-GB-v1 footbath,vocab-en-GB-v1_31,vocab-en-GB-v1,vocab-en-GB-v1,vocab-item-bank-en-GB,vocab,vocab,levante-vocabulary-dev,footbath,vocab,footbath,test_response,vocab-item-028,vocab-item-028,1,0.25,,,,footbath,vocab_word_footbath,vocab_word_footbath,,,,,"trough,vest,rhinoceros",clip,,,test,vocab-item-028,31,vocab__footbath,,,,,,,,,7/28/2026 2:21pm,0,"test footbath footbath trough,vest,rhinoceros",word,footbath,,,,vocab,,footbath,vocab-en-GB-v1,,"vocab_word_footbath v1_6 es-CO,vocab_word_footbath v1_6 de-DE,vocab_word_footbath v1_6 en-US",v1_6,,,-2.1547,1,,7/28/2026 2:21pm,,vocab_word_footbath v1_6 ,vocab_word_footbath v1_6 en-US,1.000,-2.155,vocab_word_footbath,0 checked out of 1,
vocab-en-GB-v1 fruitcake,vocab-en-GB-v1_32,vocab-en-GB-v1,vocab-en-GB-v1,vocab-item-bank-en-GB,vocab,vocab,levante-vocabulary-dev,fruitcake,vocab,fruitcake,test_response,vocab-item-029,vocab-item-029,1,0.25,-2.74690000,,,fruitcake,vocab_word_fruitcake,vocab_word_fruitcake,,,,,"dough,fudge,anvil",clip,,,test,vocab-item-029,32,vocab__fruitcake,,,,,,,,,7/28/2026 2:21pm,0,"test fruitcake fruitcake dough,fudge,anvil",word,fruitcake,,,,vocab,,fruitcake,vocab-en-GB-v1,,"vocab_word_fruitcake v1_6 es-CO,vocab_word_fruitcake v1_6 de-DE,vocab_word_fruitcake v1_6 en-US",v1_6,,,-2.3074,1,,7/28/2026 2:21pm,,vocab_word_fruitcake v1_6 ,vocab_word_fruitcake v1_6 en-US,1.000,-2.307,vocab_word_fruitcake,0 checked out of 1,
vocab-en-GB-v1 gutter,vocab-en-GB-v1_33,vocab-en-GB-v1,vocab-en-GB-v1,vocab-item-bank-en-GB,vocab,vocab,levante-vocabulary-dev,gutter,vocab,gutter,test_response,vocab-item-030,vocab-item-030,1,0.25,-0.70460000,,,gutter,vocab_word_gutter,vocab_word_gutter,,,,,"almond,filter,roofwindow",clip,,,test,vocab-item-030,33,vocab__gutter,,,,,,,,,7/28/2026 2:21pm,0,"test gutter gutter almond,filter,roofwindow",word,gutter,,,,vocab,,gutter,vocab-en-GB-v1,,"vocab_word_gutter v1_6 es-CO,vocab_word_gutter v1_6 de-DE,vocab_word_gutter v1_6 en-US",v1_6,,,0.7327,1,,7/28/2026 2:21pm,,vocab_word_gutter v1_6 ,vocab_word_gutter v1_6 en-US,1.000,0.733,vocab_word_gutter,0 checked out of 1,
vocab-en-GB-v1 hamster,vocab-en-GB-v1_34,vocab-en-GB-v1,vocab-en-GB-v1,vocab-item-bank-en-GB,vocab,vocab,levante-vocabulary-dev,hamster,vocab,hamster,test_response,vocab-item-031,vocab-item-031,1,0.25,-4.07980000,,,hamster,vocab_word_hamster,vocab_word_hamster,,,,,"rabbit,tadpole,skirt",clip,,,test,vocab-item-031,34,vocab__hamster,,,,,,,,,7/28/2026 2:21pm,0,"test hamster hamster rabbit,tadpole,skirt",word,hamster,,,,vocab,,hamster,vocab-en-GB-v1,,"vocab_word_hamster v1_6 es-CO,vocab_word_hamster v1_6 de-DE,vocab_word_hamster v1_6 en-US",v1_6,,,-2.1163,1,,7/28/2026 2:21pm,,vocab_word_hamster v1_6 ,vocab_word_hamster v1_6 en-US,1.000,-2.116,vocab_word_hamster,0 checked out of 1,
vocab-en-GB-v1 hedgehog,vocab-en-GB-v1_35,vocab-en-GB-v1,vocab-en-GB-v1,vocab-item-bank-en-GB,vocab,vocab,levante-vocabulary-dev,hedgehog,vocab,hedgehog,test_response,vocab-item-032,vocab-item-032,1,0.25,,,,hedgehog,vocab_word_hedgehog,vocab_word_hedgehog,,,,,"iguana,owl,dumbwaiter",clip,,,test,vocab-item-032,35,vocab__hedgehog,,,,,,,,,7/28/2026 2:21pm,0,"test hedgehog hedgehog iguana,owl,dumbwaiter",word,hedgehog,,,,vocab,,hedgehog,vocab-en-GB-v1,,"vocab_word_hedgehog v1_6 es-CO,vocab_word_hedgehog v1_6 de-DE",v1_6,vocab_word_hedgehog-en-US,-5.000,-5.0000,,,7/28/2026 2:21pm,,vocab_word_hedgehog v1_6 ,,,,vocab_word_hedgehog,0 checked out of 1,
vocab-en-GB-v1 hoe,vocab-en-GB-v1_36,vocab-en-GB-v1,vocab-en-GB-v1,vocab-item-bank-en-GB,vocab,vocab,levante-vocabulary-dev,hoe,vocab,hoe,test_response,vocab-item-033,vocab-item-033,1,0.25,-1.63990000,,,hoe,vocab_word_hoe,vocab_word_hoe,,,,,"dustpan,peg,beaker",clip,,,test,vocab-item-033,36,vocab__hoe,,,,,,,,,7/28/2026 2:21pm,0,"test hoe hoe dustpan,peg,beaker",word,hoe,,,,vocab,,hoe,vocab-en-GB-v1,,"vocab_word_hoe v1_6 es-CO,vocab_word_hoe v1_6 de-DE,vocab_word_hoe v1_6 en-US",v1_6,,,-0.6591,1,,7/28/2026 2:21pm,,vocab_word_hoe v1_6 ,vocab_word_hoe v1_6 en-US,1.000,-0.659,vocab_word_hoe,0 checked out of 1,
vocab-en-GB-v1 hopscotch,vocab-en-GB-v1_37,vocab-en-GB-v1,vocab-en-GB-v1,vocab-item-bank-en-GB,vocab,vocab,levante-vocabulary-dev,hopscotch,vocab,hopscotch,test_response,vocab-item-034,vocab-item-034,1,0.25,-2.72370000,,,hopscotch,vocab_word_hopscotch,vocab_word_hopscotch,,,,,"chalk,funnel,jug",clip,,,test,vocab-item-034,37,vocab__hopscotch,,,,,,,,,7/28/2026 2:21pm,0,"test hopscotch hopscotch chalk,funnel,jug",word,hopscotch,,,,vocab,,hopscotch,vocab-en-GB-v1,,"vocab_word_hopscotch v1_6 es-CO,vocab_word_hopscotch v1_6 de-DE,vocab_word_hopscotch v1_6 en-US",v1_6,,,-2.5599,1,,7/28/2026 2:21pm,,vocab_word_hopscotch v1_6 ,vocab_word_hopscotch v1_6 en-US,1.000,-2.560,vocab_word_hopscotch,0 checked out of 1,
vocab-en-GB-v1 kimono,vocab-en-GB-v1_38,vocab-en-GB-v1,vocab-en-GB-v1,vocab-item-bank-en-GB,vocab,vocab,levante-vocabulary-dev,kimono,vocab,kimono,test_response,vocab-item-035,vocab-item-035,1,0.25,-0.63060000,,,kimono,vocab_word_kimono,vocab_word_kimono,,,,,"cardigan,turntable,cable",clip,,,test,vocab-item-035,38,vocab__kimono,,,,,,,,,7/28/2026 2:21pm,0,"test kimono kimono cardigan,turntable,cable",word,kimono,,,,vocab,,kimono,vocab-en-GB-v1,,"vocab_word_kimono v1_6 es-CO,vocab_word_kimono v1_6 de-DE,vocab_word_kimono v1_6 en-US",v1_6,,,2.0254,1,,7/28/2026 2:21pm,,vocab_word_kimono v1_6 ,vocab_word_kimono v1_6 en-US,1.000,2.025,vocab_word_kimono,0 checked out of 1,
vocab-en-GB-v1 latch,vocab-en-GB-v1_39,vocab-en-GB-v1,vocab-en-GB-v1,vocab-item-bank-en-GB,vocab,vocab,levante-vocabulary-dev,latch,vocab,latch,test_response,vocab-item-036,vocab-item-036,1,0.25,-1.85560000,,,latch,vocab_word_latch,vocab_word_latch,,,,,"lock,microwave,umbrella",clip,,,test,vocab-item-036,39,vocab__latch,,,,,,,,,7/28/2026 2:21pm,0,"test latch latch lock,microwave,umbrella",word,latch,,,,vocab,,latch,vocab-en-GB-v1,,"vocab_word_latch v1_6 es-CO,vocab_word_latch v1_6 de-DE,vocab_word_latch v1_6 en-US",v1_6,,,-0.7413,1,,7/28/2026 2:21pm,,vocab_word_latch v1_6 ,vocab_word_latch v1_6 en-US,1.000,-0.741,vocab_word_latch,0 checked out of 1,
vocab-en-GB-v1 locker,vocab-en-GB-v1_40,vocab-en-GB-v1,vocab-en-GB-v1,vocab-item-bank-en-GB,vocab,vocab,levante-vocabulary-dev,locker,vocab,locker,test_response,vocab-item-037,vocab-item-037,1,0.25,-3.96110000,,,locker,vocab_word_locker,vocab_word_locker,,,,,"basket,cabinet,gargoyle",clip,,,test,vocab-item-037,40,vocab__locker,,,,,,,,,7/28/2026 2:21pm,0,"test locker locker basket,cabinet,gargoyle",word,locker,,,,vocab,,locker,vocab-en-GB-v1,,"vocab_word_locker v1_6 es-CO,vocab_word_locker v1_6 de-DE,vocab_word_locker v1_6 en-US",v1_6,,,-3.1363,1,,7/28/2026 2:21pm,,vocab_word_locker v1_6 ,vocab_word_locker v1_6 en-US,1.000,-3.136,vocab_word_locker,0 checked out of 1,
vocab-en-GB-v1 lollipop,vocab-en-GB-v1_41,vocab-en-GB-v1,vocab-en-GB-v1,vocab-item-bank-en-GB,vocab,vocab,levante-vocabulary-dev,lollipop,vocab,lollipop,test_response,vocab-item-038,vocab-item-038,1,0.25,-5.60810000,,,lollipop,vocab_word_lollipop,vocab_word_lollipop,,,,,"candy,doorbell,crumb",clip,,,test,vocab-item-038,41,vocab__lollipop,,,,,,,,,7/28/2026 2:21pm,0,"test lollipop lollipop candy,doorbell,crumb",word,lollipop,,,,vocab,,lollipop,vocab-en-GB-v1,,"vocab_word_lollipop v1_6 es-CO,vocab_word_lollipop v1_6 de-DE,vocab_word_lollipop v1_6 en-US",v1_6,,,-3.8530,1,,7/28/2026 2:21pm,,vocab_word_lollipop v1_6 ,vocab_word_lollipop v1_6 en-US,1.000,-3.853,vocab_word_lollipop,0 checked out of 1,
vocab-en-GB-v1 map,vocab-en-GB-v1_42,vocab-en-GB-v1,vocab-en-GB-v1,vocab-item-bank-en-GB,vocab,vocab,levante-vocabulary-dev,map,vocab,map,test_response,vocab-item-039,vocab-item-039,1,0.25,-3.71110000,,,map,vocab_word_map,vocab_word_map,,,,,"marker,ruby,dishwasher",clip,,,test,vocab-item-039,42,vocab__map,,,,,,,,,7/28/2026 2:21pm,0,"test map map marker,ruby,dishwasher",word,map,,,,vocab,,map,vocab-en-GB-v1,,"vocab_word_map v1_6 es-CO,vocab_word_map v1_6 en-US",v1_6,,,-2.8762,1,,7/28/2026 2:21pm,,vocab_word_map v1_6 ,vocab_word_map v1_6 en-US,1.000,-2.876,vocab_word_map,0 checked out of 1,
vocab-en-GB-v1 marshmallow,vocab-en-GB-v1_43,vocab-en-GB-v1,vocab-en-GB-v1,vocab-item-bank-en-GB,vocab,vocab,levante-vocabulary-dev,marshmallow,vocab,marshmallow,test_response,vocab-item-040,vocab-item-040,1,0.25,,,,marshmallow,vocab_word_marshmallow,vocab_word_marshmallow,,,,,"dryer,snowball,rooster",clip,,,test,vocab-item-040,43,vocab__marshmallow,,,,,,,,,7/28/2026 2:21pm,0,"test marshmallow marshmallow dryer,snowball,rooster",word,marshmallow,,,,vocab,,marshmallow,vocab-en-GB-v1,,"vocab_word_marshmallow v1_6 es-CO,vocab_word_marshmallow v1_6 de-DE,vocab_word_marshmallow v1_6 en-US",v1_6,,,-2.1201,1,,7/28/2026 2:21pm,,vocab_word_marshmallow v1_6 ,vocab_word_marshmallow v1_6 en-US,1.000,-2.120,vocab_word_marshmallow,0 checked out of 1,
vocab-en-GB-v1 net,vocab-en-GB-v1_44,vocab-en-GB-v1,vocab-en-GB-v1,vocab-item-bank-en-GB,vocab,vocab,levante-vocabulary-dev,net,vocab,net,test_response,vocab-item-041,vocab-item-041,1,0.25,,,,net,vocab_word_net,vocab_word_net,,,,,"domino,tee,hydrant",clip,,,test,vocab-item-041,44,vocab__net,,,,,,,,,7/28/2026 2:21pm,0,"test net net domino,tee,hydrant",word,net,,,,vocab,,net,vocab-en-GB-v1,,"vocab_word_net v1_6 es-CO,vocab_word_net v1_6 de-DE",v1_6,vocab_word_net-en-US,-5.000,-5.0000,,,7/28/2026 2:21pm,,vocab_word_net v1_6 ,,,,vocab_word_net,0 checked out of 1,
vocab-en-GB-v1 oil,vocab-en-GB-v1_45,vocab-en-GB-v1,vocab-en-GB-v1,vocab-item-bank-en-GB,vocab,vocab,levante-vocabulary-dev,oil,vocab,oil,test_response,vocab-item-042,vocab-item-042,1,0.25,,,,oil,vocab_word_oil,vocab_word_oil,,,,,"gel,grain,bassinet",clip,,,test,vocab-item-042,45,vocab__oil,,,,,,,,,7/28/2026 2:21pm,0,"test oil oil gel,grain,bassinet",word,oil,,,,vocab,,oil,vocab-en-GB-v1,,"vocab_word_oil v1_6 es-CO,vocab_word_oil v1_6 de-DE",v1_6,vocab_word_oil-en-US,-5.000,-5.0000,,,7/28/2026 2:21pm,,vocab_word_oil v1_6 ,,,,vocab_word_oil,0 checked out of 1,
vocab-en-GB-v1 omelet,vocab-en-GB-v1_46,vocab-en-GB-v1,vocab-en-GB-v1,vocab-item-bank-en-GB,vocab,vocab,levante-vocabulary-dev,omelet,vocab,omelet,test_response,vocab-item-043,vocab-item-043,1,0.25,-2.49920000,,,omelet,vocab_word_omelet,vocab_word_omelet,,,,,"clay,pancake,trunk",clip,,,test,vocab-item-043,46,vocab__omelet,,,,,,,,,7/28/2026 2:21pm,0,"test omelet omelet clay,pancake,trunk",word,omelet,,,,vocab,,omelet,vocab-en-GB-v1,,"vocab_word_omelet v1_6 es-CO,vocab_word_omelet v1_6 de-DE,vocab_word_omelet v1_6 en-US",v1_6,,,-1.2138,1,,7/28/2026 2:21pm,,vocab_word_omelet v1_6 ,vocab_word_omelet v1_6 en-US,1.000,-1.214,vocab_word_omelet,0 checked out of 1,
vocab-en-GB-v1 pie,vocab-en-GB-v1_47,vocab-en-GB-v1,vocab-en-GB-v1,vocab-item-bank-en-GB,vocab,vocab,levante-vocabulary-dev,pie,vocab,pie,test_response,vocab-item-044,vocab-item-044,1,0.25,,,,pie,vocab_word_pie,vocab_word_pie,,,,,"flashlight,pizza,sweater",clip,,,test,vocab-item-044,47,vocab__pie,,,,,,,,,7/28/2026 2:21pm,0,"test pie pie flashlight,pizza,sweater",word,pie,,,,vocab,,pie,vocab-en-GB-v1,,"vocab_word_pie v1_6 es-CO,vocab_word_pie v1_6 de-DE,vocab_word_pie v1_6 en-US",v1_6,,,-2.0762,1,,7/28/2026 2:21pm,,vocab_word_pie v1_6 ,vocab_word_pie v1_6 en-US,1.000,-2.076,vocab_word_pie,0 checked out of 1,
vocab-en-GB-v1 pistachio,vocab-en-GB-v1_48,vocab-en-GB-v1,vocab-en-GB-v1,vocab-item-bank-en-GB,vocab,vocab,levante-vocabulary-dev,pistachio,vocab,pistachio,test_response,vocab-item-045,vocab-item-045,1,0.25,-2.11950000,,,pistachio,vocab_word_pistachio,vocab_word_pistachio,,,,,"avocado,taco,bagpipe",clip,,,test,vocab-item-045,48,vocab__pistachio,,,,,,,,,7/28/2026 2:21pm,0,"test pistachio pistachio avocado,taco,bagpipe",word,pistachio,,,,vocab,,pistachio,vocab-en-GB-v1,,"vocab_word_pistachio v1_6 es-CO,vocab_word_pistachio v1_6 de-DE,vocab_word_pistachio v1_6 en-US",v1_6,,,-0.8216,1,,7/28/2026 2:21pm,,vocab_word_pistachio v1_6 ,vocab_word_pistachio v1_6 en-US,1.000,-0.822,vocab_word_pistachio,0 checked out of 1,
vocab-en-GB-v1 pitcher,vocab-en-GB-v1_49,vocab-en-GB-v1,vocab-en-GB-v1,vocab-item-bank-en-GB,vocab,vocab,levante-vocabulary-dev,pitcher,vocab,pitcher,test_response,vocab-item-046,vocab-item-046,1,0.25,-0.09660000,,,pitcher,vocab_word_pitcher,vocab_word_pitcher,,,,,"batter,tumbleweed,medal",clip,,,test,vocab-item-046,49,vocab__pitcher,,,,,,,,,7/28/2026 2:21pm,0,"test pitcher pitcher batter,tumbleweed,medal",word,pitcher,,,,vocab,,pitcher,vocab-en-GB-v1,,"vocab_word_pitcher v1_6 es-CO,vocab_word_pitcher v1_6 de-DE,vocab_word_pitcher v1_6 en-US",v1_6,,,0.8742,1,,7/28/2026 2:21pm,,vocab_word_pitcher v1_6 ,vocab_word_pitcher v1_6 en-US,1.000,0.874,vocab_word_pitcher,0 checked out of 1,
vocab-en-GB-v1 potato,vocab-en-GB-v1_50,vocab-en-GB-v1,vocab-en-GB-v1,vocab-item-bank-en-GB,vocab,vocab,levante-vocabulary-dev,potato,vocab,potato,test_response,vocab-item-047,vocab-item-047,1,0.25,,,,potato,vocab_word_potato,vocab_word_potato,,,,,"glasses,pot,dragonfly",clip,,,test,vocab-item-047,50,vocab__potato,,,,,,,,,7/28/2026 2:21pm,0,"test potato potato glasses,pot,dragonfly",word,potato,,,,vocab,,potato,vocab-en-GB-v1,,vocab_word_potato v1_6 es-CO,v1_6,vocab_word_potato-en-US,-5.000,-5.0000,,,7/28/2026 2:21pm,,vocab_word_potato v1_6 ,,,,vocab_word_potato,0 checked out of 1,
vocab-en-GB-v1 prism,vocab-en-GB-v1_51,vocab-en-GB-v1,vocab-en-GB-v1,vocab-item-bank-en-GB,vocab,vocab,levante-vocabulary-dev,prism,vocab,prism,test_response,vocab-item-048,vocab-item-048,1,0.25,-0.91760000,,,prism,vocab_word_prism,vocab_word_prism,,,,,"radar,subway,chinchilla",clip,,,test,vocab-item-048,51,vocab__prism,,,,,,,,,7/28/2026 2:21pm,0,"test prism prism radar,subway,chinchilla",word,prism,,,,vocab,,prism,vocab-en-GB-v1,,"vocab_word_prism v1_6 es-CO,vocab_word_prism v1_6 de-DE,vocab_word_prism v1_6 en-US",v1_6,,,-0.9730,1,,7/28/2026 2:21pm,,vocab_word_prism v1_6 ,vocab_word_prism v1_6 en-US,1.000,-0.973,vocab_word_prism,0 checked out of 1,
vocab-en-GB-v1 puddle,vocab-en-GB-v1_52,vocab-en-GB-v1,vocab-en-GB-v1,vocab-item-bank-en-GB,vocab,vocab,levante-vocabulary-dev,puddle,vocab,puddle,test_response,vocab-item-049,vocab-item-049,1,0.25,-3.11860000,,,puddle,vocab_word_puddle,vocab_word_puddle,,,,,"baseball,bubble,salami",clip,,,test,vocab-item-049,52,vocab__puddle,,,,,,,,,7/28/2026 2:21pm,0,"test puddle puddle baseball,bubble,salami",word,puddle,,,,vocab,,puddle,vocab-en-GB-v1,,"vocab_word_puddle v1_6 es-CO,vocab_word_puddle v1_6 de-DE,vocab_word_puddle v1_6 en-US",v1_6,,,-1.2355,1,,7/28/2026 2:21pm,,vocab_word_puddle v1_6 ,vocab_word_puddle v1_6 en-US,1.000,-1.236,vocab_word_puddle,0 checked out of 1,
vocab-en-GB-v1 pump,vocab-en-GB-v1_53,vocab-en-GB-v1,vocab-en-GB-v1,vocab-item-bank-en-GB,vocab,vocab,levante-vocabulary-dev,pump,vocab,pump,test_response,vocab-item-050,vocab-item-050,1,0.25,-1.86560000,,,pump,vocab_word_pump,vocab_word_pump,,,,,"coat,plug,scarf",clip,,,test,vocab-item-050,53,vocab__pump,,,,,,,,,7/28/2026 2:21pm,0,"test pump pump coat,plug,scarf",word,pump,,,,vocab,,pump,vocab-en-GB-v1,,"vocab_word_pump v1_6 es-CO,vocab_word_pump v1_6 de-DE,vocab_word_pump v1_6 en-US",v1_6,,,-1.4248,1,,7/28/2026 2:21pm,,vocab_word_pump v1_6 ,vocab_word_pump v1_6 en-US,1.000,-1.425,vocab_word_pump,0 checked out of 1,
vocab-en-GB-v1 rice,vocab-en-GB-v1_54,vocab-en-GB-v1,vocab-en-GB-v1,vocab-item-bank-en-GB,vocab,vocab,levante-vocabulary-dev,rice,vocab,rice,test_response,vocab-item-051,vocab-item-051,1,0.25,,,,rice,vocab_word_rice,vocab_word_rice,,,,,"box,corn,bedpost",clip,,,test,vocab-item-051,54,vocab__rice,,,,,,,,,7/28/2026 2:21pm,0,"test rice rice box,corn,bedpost",word,rice,,,,vocab,,rice,vocab-en-GB-v1,,"vocab_word_rice v1_6 es-CO,vocab_word_rice v1_6 de-DE",v1_6,vocab_word_rice-en-US,-5.000,-5.0000,,,7/28/2026 2:21pm,,vocab_word_rice v1_6 ,,,,vocab_word_rice,0 checked out of 1,
vocab-en-GB-v1 saddle,vocab-en-GB-v1_55,vocab-en-GB-v1,vocab-en-GB-v1,vocab-item-bank-en-GB,vocab,vocab,levante-vocabulary-dev,saddle,vocab,saddle,test_response,vocab-item-052,vocab-item-052,1,0.25,-2.48200000,,,saddle,vocab_word_saddle,vocab_word_saddle,,,,,"figurine,dogharness,broccoli",clip,,,test,vocab-item-052,55,vocab__saddle,,,,,,,,,7/28/2026 2:21pm,0,"test saddle saddle figurine,dogharness,broccoli",word,saddle,,,,vocab,,saddle,vocab-en-GB-v1,,"vocab_word_saddle v1_6 es-CO,vocab_word_saddle v1_6 de-DE,vocab_word_saddle v1_6 en-US",v1_6,,,-1.3177,1,,7/28/2026 2:21pm,,vocab_word_saddle v1_6 ,vocab_word_saddle v1_6 en-US,1.000,-1.318,vocab_word_saddle,0 checked out of 1,
vocab-en-GB-v1 sandbag,vocab-en-GB-v1_56,vocab-en-GB-v1,vocab-en-GB-v1,vocab-item-bank-en-GB,vocab,vocab,levante-vocabulary-dev,sandbag,vocab,sandbag,test_response,vocab-item-053,vocab-item-053,1,0.25,-1.91660000,,,sandbag,vocab_word_sandbag,vocab_word_sandbag,,,,,"sandbox,valve,octopus",clip,,,test,vocab-item-053,56,vocab__sandbag,,,,,,,,,7/28/2026 2:21pm,0,"test sandbag sandbag sandbox,valve,octopus",word,sandbag,,,,vocab,,sandbag,vocab-en-GB-v1,,"vocab_word_sandbag v1_6 es-CO,vocab_word_sandbag v1_6 de-DE,vocab_word_sandbag v1_6 en-US",v1_6,,,-1.4799,1,,7/28/2026 2:21pm,,vocab_word_sandbag v1_6 ,vocab_word_sandbag v1_6 en-US,1.000,-1.480,vocab_word_sandbag,0 checked out of 1,
vocab-en-GB-v1 scaffolding,vocab-en-GB-v1_57,vocab-en-GB-v1,vocab-en-GB-v1,vocab-item-bank-en-GB,vocab,vocab,levante-vocabulary-dev,scaffolding,vocab,scaffolding,test_response,vocab-item-054,vocab-item-054,1,0.25,-0.16180000,,,scaffolding,vocab_word_scaffolding,vocab_word_scaffolding,,,,,"satellite,veil,antelope",clip,,,test,vocab-item-054,57,vocab__scaffolding,,,,,,,,,7/28/2026 2:21pm,0,"test scaffolding scaffolding satellite,veil,antelope",word,scaffolding,,,,vocab,,scaffolding,vocab-en-GB-v1,,"vocab_word_scaffolding v1_6 es-CO,vocab_word_scaffolding v1_6 de-DE,vocab_word_scaffolding v1_6 en-US",v1_6,,,0.6115,1,,7/28/2026 2:21pm,,vocab_word_scaffolding v1_6 ,vocab_word_scaffolding v1_6 en-US,1.000,0.612,vocab_word_scaffolding,0 checked out of 1,
vocab-en-GB-v1 scoop,vocab-en-GB-v1_58,vocab-en-GB-v1,vocab-en-GB-v1,vocab-item-bank-en-GB,vocab,vocab,levante-vocabulary-dev,scoop,vocab,scoop,test_response,vocab-item-055,vocab-item-055,1,0.25,-1.07530000,,,scoop,vocab_word_scoop,vocab_word_scoop,,,,,"sauce,statue,cauliflower",clip,,,test,vocab-item-055,58,vocab__scoop,,,,,,,,,7/28/2026 2:21pm,0,"test scoop scoop sauce,statue,cauliflower",word,scoop,,,,vocab,,scoop,vocab-en-GB-v1,,"vocab_word_scoop v1_6 es-CO,vocab_word_scoop v1_6 de-DE,vocab_word_scoop v1_6 en-US",v1_6,,,-1.7703,1,,7/28/2026 2:21pm,,vocab_word_scoop v1_6 ,vocab_word_scoop v1_6 en-US,1.000,-1.770,vocab_word_scoop,0 checked out of 1,
vocab-en-GB-v1 seagull,vocab-en-GB-v1_59,vocab-en-GB-v1,vocab-en-GB-v1,vocab-item-bank-en-GB,vocab,vocab,levante-vocabulary-dev,seagull,vocab,seagull,test_response,vocab-item-056,vocab-item-056,1,0.25,-3.04020000,,,seagull,vocab_word_seagull,vocab_word_seagull,,,,,"lobster,pigeon,perfume",clip,,,test,vocab-item-056,59,vocab__seagull,,,,,,,,,7/28/2026 2:21pm,0,"test seagull seagull lobster,pigeon,perfume",word,seagull,,,,vocab,,seagull,vocab-en-GB-v1,,"vocab_word_seagull v1_6 es-CO,vocab_word_seagull v1_6 de-DE,vocab_word_seagull v1_6 en-US",v1_6,,,-1.1110,1,,7/28/2026 2:21pm,,vocab_word_seagull v1_6 ,vocab_word_seagull v1_6 en-US,1.000,-1.111,vocab_word_seagull,0 checked out of 1,
vocab-en-GB-v1 ship,vocab-en-GB-v1_60,vocab-en-GB-v1,vocab-en-GB-v1,vocab-item-bank-en-GB,vocab,vocab,levante-vocabulary-dev,ship,vocab,ship,test_response,vocab-item-057,vocab-item-057,1,0.25,,,,ship,vocab_word_ship,vocab_word_ship,,,,,"boat,nose,zucchini",clip,,,test,vocab-item-057,60,vocab__ship,,,,,,,,,7/28/2026 2:21pm,0,"test ship ship boat,nose,zucchini",word,ship,,,,vocab,,ship,vocab-en-GB-v1,,"vocab_word_ship v1_6 es-CO,vocab_word_ship v1_6 de-DE,vocab_word_ship v1_6 en-US",v1_6,,,-1.1890,1,,7/28/2026 2:21pm,,vocab_word_ship v1_6 ,vocab_word_ship v1_6 en-US,1.000,-1.189,vocab_word_ship,0 checked out of 1,
vocab-en-GB-v1 shower,vocab-en-GB-v1_61,vocab-en-GB-v1,vocab-en-GB-v1,vocab-item-bank-en-GB,vocab,vocab,levante-vocabulary-dev,shower,vocab,shower,test_response,vocab-item-058,vocab-item-058,1,0.25,-4.17590000,,,shower,vocab_word_shower,vocab_word_shower,,,,,"soap,toe,cantaloupe",clip,,,test,vocab-item-058,61,vocab__shower,,,,,,,,,7/28/2026 2:21pm,0,"test shower shower soap,toe,cantaloupe",word,shower,,,,vocab,,shower,vocab-en-GB-v1,,"vocab_word_shower v1_6 es-CO,vocab_word_shower v1_6 de-DE,vocab_word_shower v1_6 en-US",v1_6,,,-3.9501,1,,7/28/2026 2:21pm,,vocab_word_shower v1_6 ,vocab_word_shower v1_6 en-US,1.000,-3.950,vocab_word_shower,0 checked out of 1,
vocab-en-GB-v1 silverware,vocab-en-GB-v1_62,vocab-en-GB-v1,vocab-en-GB-v1,vocab-item-bank-en-GB,vocab,vocab,levante-vocabulary-dev,silverware,vocab,silverware,test_response,vocab-item-059,vocab-item-059,1,0.25,-2.31360000,,,silverware,vocab_word_silverware,vocab_word_silverware,,,,,"garlic,trophy,eggnog",clip,,,test,vocab-item-059,62,vocab__silverware,,,,,,,,,7/28/2026 2:21pm,0,"test silverware silverware garlic,trophy,eggnog",word,silverware,,,,vocab,,silverware,vocab-en-GB-v1,,"vocab_word_silverware v1_6 es-CO,vocab_word_silverware v1_6 de-DE,vocab_word_silverware v1_6 en-US",v1_6,,,-0.9957,1,,7/28/2026 2:21pm,,vocab_word_silverware v1_6 ,vocab_word_silverware v1_6 en-US,1.000,-0.996,vocab_word_silverware,0 checked out of 1,
vocab-en-GB-v1 sink,vocab-en-GB-v1_63,vocab-en-GB-v1,vocab-en-GB-v1,vocab-item-bank-en-GB,vocab,vocab,levante-vocabulary-dev,sink,vocab,sink,test_response,vocab-item-060,vocab-item-060,1,0.25,,,,sink,vocab_word_sink,vocab_word_sink,,,,,"laundrybasket,toilet,knitting",clip,,,test,vocab-item-060,63,vocab__sink,,,,,,,,,7/28/2026 2:21pm,0,"test sink sink laundrybasket,toilet,knitting",word,sink,,,,vocab,,sink,vocab-en-GB-v1,,"vocab_word_sink v1_6 es-CO,vocab_word_sink v1_6 de-DE",v1_6,vocab_word_sink-en-US,-5.000,-5.0000,,,7/28/2026 2:21pm,,vocab_word_sink v1_6 ,,,,vocab_word_sink,0 checked out of 1,
vocab-en-GB-v1 ski,vocab-en-GB-v1_64,vocab-en-GB-v1,vocab-en-GB-v1,vocab-item-bank-en-GB,vocab,vocab,levante-vocabulary-dev,ski,vocab,ski,test_response,vocab-item-061,vocab-item-061,1,0.25,-3.34040000,,,ski,vocab_word_ski,vocab_word_ski,,,,,"ice,suitcase,pincushion",clip,,,test,vocab-item-061,64,vocab__ski,,,,,,,,,7/28/2026 2:21pm,0,"test ski ski ice,suitcase,pincushion",word,ski,,,,vocab,,ski,vocab-en-GB-v1,,"vocab_word_ski v1_6 es-CO,vocab_word_ski v1_6 de-DE,vocab_word_ski v1_6 en-US",v1_6,,,-2.0726,1,,7/28/2026 2:21pm,,vocab_word_ski v1_6 ,vocab_word_ski v1_6 en-US,1.000,-2.073,vocab_word_ski,0 checked out of 1,
vocab-en-GB-v1 sloth,vocab-en-GB-v1_65,vocab-en-GB-v1,vocab-en-GB-v1,vocab-item-bank-en-GB,vocab,vocab,levante-vocabulary-dev,sloth,vocab,sloth,test_response,vocab-item-062,vocab-item-062,1,0.25,-3.04090000,,,sloth,vocab_word_sloth,vocab_word_sloth,,,,,"clam,donkey,incense",clip,,,test,vocab-item-062,65,vocab__sloth,,,,,,,,,7/28/2026 2:21pm,0,"test sloth sloth clam,donkey,incense",word,sloth,,,,vocab,,sloth,vocab-en-GB-v1,,"vocab_word_sloth v1_6 es-CO,vocab_word_sloth v1_6 de-DE,vocab_word_sloth v1_6 en-US",v1_6,,,-2.1262,1,,7/28/2026 2:21pm,,vocab_word_sloth v1_6 ,vocab_word_sloth v1_6 en-US,1.000,-2.126,vocab_word_sloth,0 checked out of 1,
vocab-en-GB-v1 snail,vocab-en-GB-v1_66,vocab-en-GB-v1,vocab-en-GB-v1,vocab-item-bank-en-GB,vocab,vocab,levante-vocabulary-dev,snail,vocab,snail,test_response,vocab-item-063,vocab-item-063,1,0.25,-2.63480000,,,snail,vocab_word_snail,vocab_word_snail,,,,,"cow,worm,visor",clip,,,test,vocab-item-063,66,vocab__snail,,,,,,,,,7/28/2026 2:21pm,0,"test snail snail cow,worm,visor",word,snail,,,,vocab,,snail,vocab-en-GB-v1,,"vocab_word_snail v1_6 es-CO,vocab_word_snail v1_6 de-DE,vocab_word_snail v1_6 en-US",v1_6,,,-2.3410,1,,7/28/2026 2:21pm,,vocab_word_snail v1_6 ,vocab_word_snail v1_6 en-US,1.000,-2.341,vocab_word_snail,0 checked out of 1,
vocab-en-GB-v1 sorbet,vocab-en-GB-v1_67,vocab-en-GB-v1,vocab-en-GB-v1,vocab-item-bank-en-GB,vocab,vocab,levante-vocabulary-dev,sorbet,vocab,sorbet,test_response,vocab-item-064,vocab-item-064,1,0.25,-0.11100000,,,sorbet,vocab_word_sorbet,vocab_word_sorbet,,,,,"palette,tamale,chive",clip,,,test,vocab-item-064,67,vocab__sorbet,,,,,,,,,7/28/2026 2:21pm,0,"test sorbet sorbet palette,tamale,chive",word,sorbet,,,,vocab,,sorbet,vocab-en-GB-v1,,"vocab_word_sorbet v1_6 es-CO,vocab_word_sorbet v1_6 de-DE,vocab_word_sorbet v1_6 en-US",v1_6,,,0.9880,1,,7/28/2026 2:21pm,,vocab_word_sorbet v1_6 ,vocab_word_sorbet v1_6 en-US,1.000,0.988,vocab_word_sorbet,0 checked out of 1,
vocab-en-GB-v1 spatula,vocab-en-GB-v1_68,vocab-en-GB-v1,vocab-en-GB-v1,vocab-item-bank-en-GB,vocab,vocab,levante-vocabulary-dev,spatula,vocab,spatula,test_response,vocab-item-065,vocab-item-065,1,0.25,-1.94410000,,,spatula,vocab_word_spatula,vocab_word_spatula,,,,,"pan,paddle,pheasant",clip,,,test,vocab-item-065,68,vocab__spatula,,,,,,,,,7/28/2026 2:21pm,0,"test spatula spatula pan,paddle,pheasant",word,spatula,,,,vocab,,spatula,vocab-en-GB-v1,,"vocab_word_spatula v1_6 es-CO,vocab_word_spatula v1_6 de-DE,vocab_word_spatula v1_6 en-US",v1_6,,,-0.5774,1,,7/28/2026 2:21pm,,vocab_word_spatula v1_6 ,vocab_word_spatula v1_6 en-US,1.000,-0.577,vocab_word_spatula,0 checked out of 1,
vocab-en-GB-v1 sprinkler,vocab-en-GB-v1_69,vocab-en-GB-v1,vocab-en-GB-v1,vocab-item-bank-en-GB,vocab,vocab,levante-vocabulary-dev,sprinkler,vocab,sprinkler,test_response,vocab-item-066,vocab-item-066,1,0.25,-2.51250000,,,sprinkler,vocab_word_sprinkler,vocab_word_sprinkler,,,,,"flower,sparkler,charcoal",clip,,,test,vocab-item-066,69,vocab__sprinkler,,,,,,,,,7/28/2026 2:21pm,0,"test sprinkler sprinkler flower,sparkler,charcoal",word,sprinkler,,,,vocab,,sprinkler,vocab-en-GB-v1,,"vocab_word_sprinkler v1_6 es-CO,vocab_word_sprinkler v1_6 de-DE,vocab_word_sprinkler v1_6 en-US",v1_6,,,-0.6763,1,,7/28/2026 2:21pm,,vocab_word_sprinkler v1_6 ,vocab_word_sprinkler v1_6 en-US,1.000,-0.676,vocab_word_sprinkler,0 checked out of 1,
vocab-en-GB-v1 squash,vocab-en-GB-v1_70,vocab-en-GB-v1,vocab-en-GB-v1,vocab-item-bank-en-GB,vocab,vocab,levante-vocabulary-dev,squash,vocab,squash,test_response,vocab-item-067,vocab-item-067,1,0.25,,,,squash,vocab_word_squash,vocab_word_squash,,,,,"branch,pumpkin,gazelle",clip,,,test,vocab-item-067,70,vocab__squash,,,,,,,,,7/28/2026 2:21pm,0,"test squash squash branch,pumpkin,gazelle",word,squash,,,,vocab,,squash,vocab-en-GB-v1,,,v1_6,,,,,,7/28/2026 2:21pm,,vocab_word_squash v1_6 ,,,,vocab_word_squash,0 checked out of 1,
vocab-en-GB-v1 squirrel,vocab-en-GB-v1_71,vocab-en-GB-v1,vocab-en-GB-v1,vocab-item-bank-en-GB,vocab,vocab,levante-vocabulary-dev,squirrel,vocab,squirrel,test_response,vocab-item-068,vocab-item-068,1,0.25,,,,squirrel,vocab_word_squirrel,vocab_word_squirrel,,,,,"eagle,monkey,shorts",clip,,,test,vocab-item-068,71,vocab__squirrel,,,,,,,,,7/28/2026 2:21pm,0,"test squirrel squirrel eagle,monkey,shorts",word,squirrel,,,,vocab,,squirrel,vocab-en-GB-v1,,"vocab_word_squirrel v1_6 es-CO,vocab_word_squirrel v1_6 de-DE",v1_6,vocab_word_squirrel-en-US,-5.000,-5.0000,,,7/28/2026 2:21pm,,vocab_word_squirrel v1_6 ,,,,vocab_word_squirrel,0 checked out of 1,
vocab-en-GB-v1 stew,vocab-en-GB-v1_72,vocab-en-GB-v1,vocab-en-GB-v1,vocab-item-bank-en-GB,vocab,vocab,levante-vocabulary-dev,stew,vocab,stew,test_response,vocab-item-069,vocab-item-069,1,0.25,-0.04460000,,,stew,vocab_word_stew,vocab_word_stew,,,,,"pan,soup,orchid",clip,,,test,vocab-item-069,72,vocab__stew,,,,,,,,,7/28/2026 2:21pm,0,"test stew stew pan,soup,orchid",word,stew,,,,vocab,,stew,vocab-en-GB-v1,,"vocab_word_stew v1_6 es-CO,vocab_word_stew v1_6 de-DE,vocab_word_stew v1_6 en-US",v1_6,,,0.6343,1,,7/28/2026 2:21pm,,vocab_word_stew v1_6 ,vocab_word_stew v1_6 en-US,1.000,0.634,vocab_word_stew,0 checked out of 1,
vocab-en-GB-v1 rubber_band,vocab-en-GB-v1_73,vocab-en-GB-v1,vocab-en-GB-v1,vocab-item-bank-en-GB,vocab,vocab,levante-vocabulary-dev,rubber_band,vocab,rubber band,test_response,vocab-item-070,vocab-item-070,1,0.25,,,,rubber band,vocab_word_rubberband,vocab_word_rubberband,,,,,"drill,thermostat,vase",clip,,,test,vocab-item-070,73,vocab__rubberband,,,,,,,,,7/28/2026 2:21pm,0,"test rubber band rubber band drill,thermostat,vase",word,rubberband,,,,vocab,,rubber_band,vocab-en-GB-v1,,"vocab_word_rubberband v1_6 es-CO,vocab_word_rubberband v1_6 de-DE",v1_6,vocab_word_rubberband-en-US,-5.000,-5.0000,,,7/28/2026 2:21pm,,vocab_word_rubberband v1_6 ,,,,vocab_word_rubberband,0 checked out of 1,
vocab-en-GB-v1 stump,vocab-en-GB-v1_74,vocab-en-GB-v1,vocab-en-GB-v1,vocab-item-bank-en-GB,vocab,vocab,levante-vocabulary-dev,stump,vocab,stump,test_response,vocab-item-071,vocab-item-071,1,0.25,-1.74370000,,,stump,vocab_word_stump,vocab_word_stump,,,,,"bookshelf,log,showerhead",clip,,,test,vocab-item-071,74,vocab__stump,,,,,,,,,7/28/2026 2:21pm,0,"test stump stump bookshelf,log,showerhead",word,stump,,,,vocab,,stump,vocab-en-GB-v1,,"vocab_word_stump v1_6 es-CO,vocab_word_stump v1_6 de-DE,vocab_word_stump v1_6 en-US",v1_6,,,-0.8391,1,,7/28/2026 2:21pm,,vocab_word_stump v1_6 ,vocab_word_stump v1_6 en-US,1.000,-0.839,vocab_word_stump,0 checked out of 1,
vocab-en-GB-v1 sunflower,vocab-en-GB-v1_75,vocab-en-GB-v1,vocab-en-GB-v1,vocab-item-bank-en-GB,vocab,vocab,levante-vocabulary-dev,sunflower,vocab,sunflower,test_response,vocab-item-072,vocab-item-072,1,0.25,-4.15550000,,,sunflower,vocab_word_sunflower,vocab_word_sunflower,,,,,"pineapple,rim,pinball",clip,,,test,vocab-item-072,75,vocab__sunflower,,,,,,,,,7/28/2026 2:21pm,0,"test sunflower sunflower pineapple,rim,pinball",word,sunflower,,,,vocab,,sunflower,vocab-en-GB-v1,,"vocab_word_sunflower v1_6 es-CO,vocab_word_sunflower v1_6 de-DE,vocab_word_sunflower v1_6 en-US",v1_6,,,-3.1572,1,,7/28/2026 2:21pm,,vocab_word_sunflower v1_6 ,vocab_word_sunflower v1_6 en-US,1.000,-3.157,vocab_word_sunflower,0 checked out of 1,
vocab-en-GB-v1 swordfish,vocab-en-GB-v1_76,vocab-en-GB-v1,vocab-en-GB-v1,vocab-item-bank-en-GB,vocab,vocab,levante-vocabulary-dev,swordfish,vocab,swordfish,test_response,vocab-item-073,vocab-item-073,1,0.25,-0.42910000,,,swordfish,vocab_word_swordfish,vocab_word_swordfish,,,,,"catfish,leopard,graffiti",clip,,,test,vocab-item-073,76,vocab__swordfish,,,,,,,,,7/28/2026 2:21pm,0,"test swordfish swordfish catfish,leopard,graffiti",word,swordfish,,,,vocab,,swordfish,vocab-en-GB-v1,,"vocab_word_swordfish v1_6 es-CO,vocab_word_swordfish v1_6 de-DE,vocab_word_swordfish v1_6 en-US",v1_6,,,0.0467,1,,7/28/2026 2:21pm,,vocab_word_swordfish v1_6 ,vocab_word_swordfish v1_6 en-US,1.000,0.047,vocab_word_swordfish,0 checked out of 1,
vocab-en-GB-v1 tapestry,vocab-en-GB-v1_77,vocab-en-GB-v1,vocab-en-GB-v1,vocab-item-bank-en-GB,vocab,vocab,levante-vocabulary-dev,tapestry,vocab,tapestry,test_response,vocab-item-074,vocab-item-074,1,0.25,-0.89790000,,,tapestry,vocab_word_tapestry,vocab_word_tapestry,,,,,"backdrop,brickwall,forklift",clip,,,test,vocab-item-074,77,vocab__tapestry,,,,,,,,,7/28/2026 2:21pm,0,"test tapestry tapestry backdrop,brickwall,forklift",word,tapestry,,,,vocab,,tapestry,vocab-en-GB-v1,,"vocab_word_tapestry v1_6 es-CO,vocab_word_tapestry v1_6 de-DE,vocab_word_tapestry v1_6 en-US",v1_6,,,0.7656,1,,7/28/2026 2:21pm,,vocab_word_tapestry v1_6 ,vocab_word_tapestry v1_6 en-US,1.000,0.766,vocab_word_tapestry,0 checked out of 1,
vocab-en-GB-v1 teabag,vocab-en-GB-v1_78,vocab-en-GB-v1,vocab-en-GB-v1,vocab-item-bank-en-GB,vocab,vocab,levante-vocabulary-dev,teabag,vocab,teabag,test_response,vocab-item-075,vocab-item-075,1,0.25,,,,teabag,vocab_word_teabag,vocab_word_teabag,,,,,"fingerprint,tea,braid",clip,,,test,vocab-item-075,78,vocab__teabag,,,,,,,,,7/28/2026 2:21pm,0,"test teabag teabag fingerprint,tea,braid",word,teabag,,,,vocab,,teabag,vocab-en-GB-v1,,"vocab_word_teabag v1_6 es-CO,vocab_word_teabag v1_6 de-DE,vocab_word_teabag v1_6 en-US",v1_6,,,-0.9557,1,,7/28/2026 2:21pm,,vocab_word_teabag v1_6 ,vocab_word_teabag v1_6 en-US,1.000,-0.956,vocab_word_teabag,0 checked out of 1,
vocab-en-GB-v1 telescope,vocab-en-GB-v1_79,vocab-en-GB-v1,vocab-en-GB-v1,vocab-item-bank-en-GB,vocab,vocab,levante-vocabulary-dev,telescope,vocab,telescope,test_response,vocab-item-076,vocab-item-076,1,0.25,-3.36390000,,,telescope,vocab_word_telescope,vocab_word_telescope,,,,,"tripod,windshield,anklet",clip,,,test,vocab-item-076,79,vocab__telescope,,,,,,,,,7/28/2026 2:21pm,0,"test telescope telescope tripod,windshield,anklet",word,telescope,,,,vocab,,telescope,vocab-en-GB-v1,,"vocab_word_telescope v1_6 es-CO,vocab_word_telescope v1_6 de-DE,vocab_word_telescope v1_6 en-US",v1_6,,,-2.0507,1,,7/28/2026 2:21pm,,vocab_word_telescope v1_6 ,vocab_word_telescope v1_6 en-US,1.000,-2.051,vocab_word_telescope,0 checked out of 1,
vocab-en-GB-v1 thermos,vocab-en-GB-v1_80,vocab-en-GB-v1,vocab-en-GB-v1,vocab-item-bank-en-GB,vocab,vocab,levante-vocabulary-dev,thermos,vocab,thermos,test_response,vocab-item-077,vocab-item-077,1,0.25,-0.42680000,,,thermos,vocab_word_thermos,vocab_word_thermos,,,,,"firewood,teapot,coral",clip,,,test,vocab-item-077,80,vocab__thermos,,,,,,,,,7/28/2026 2:21pm,0,"test thermos thermos firewood,teapot,coral",word,thermos,,,,vocab,,thermos,vocab-en-GB-v1,,"vocab_word_thermos v1_6 es-CO,vocab_word_thermos v1_6 de-DE,vocab_word_thermos v1_6 en-US",v1_6,,,0.0954,1,,7/28/2026 2:21pm,,vocab_word_thermos v1_6 ,vocab_word_thermos v1_6 en-US,1.000,0.095,vocab_word_thermos,0 checked out of 1,
vocab-en-GB-v1 treasure,vocab-en-GB-v1_81,vocab-en-GB-v1,vocab-en-GB-v1,vocab-item-bank-en-GB,vocab,vocab,levante-vocabulary-dev,treasure,vocab,treasure,test_response,vocab-item-078,vocab-item-078,1,0.25,-3.18660000,,,treasure,vocab_word_treasure,vocab_word_treasure,,,,,"gift,rope,lamp",clip,,,test,vocab-item-078,81,vocab__treasure,,,,,,,,,7/28/2026 2:21pm,0,"test treasure treasure gift,rope,lamp",word,treasure,,,,vocab,,treasure,vocab-en-GB-v1,,"vocab_word_treasure v1_6 es-CO,vocab_word_treasure v1_6 de-DE,vocab_word_treasure v1_6 en-US",v1_6,,,-1.7942,1,,7/28/2026 2:21pm,,vocab_word_treasure v1_6 ,vocab_word_treasure v1_6 en-US,1.000,-1.794,vocab_word_treasure,0 checked out of 1,
vocab-en-GB-v1 trumpet,vocab-en-GB-v1_82,vocab-en-GB-v1,vocab-en-GB-v1,vocab-item-bank-en-GB,vocab,vocab,levante-vocabulary-dev,trumpet,vocab,trumpet,test_response,vocab-item-079,vocab-item-079,1,0.25,,,,trumpet,vocab_word_trumpet,vocab_word_trumpet,,,,,"flute,violin,coleslaw",clip,,,test,vocab-item-079,82,vocab__trumpet,,,,,,,,,7/28/2026 2:21pm,0,"test trumpet trumpet flute,violin,coleslaw",word,trumpet,,,,vocab,,trumpet,vocab-en-GB-v1,,"vocab_word_trumpet v1_6 es-CO,vocab_word_trumpet v1_6 de-DE",v1_6,vocab_word_trumpet-en-US,-5.000,-5.0000,,,7/28/2026 2:21pm,,vocab_word_trumpet v1_6 ,,,,vocab_word_trumpet,0 checked out of 1,
vocab-en-GB-v1 tulip,vocab-en-GB-v1_83,vocab-en-GB-v1,vocab-en-GB-v1,vocab-item-bank-en-GB,vocab,vocab,levante-vocabulary-dev,tulip,vocab,tulip,test_response,vocab-item-080,vocab-item-080,1,0.25,-1.37360000,,,tulip,vocab_word_tulip,vocab_word_tulip,,,,,"glove,rose,hubcap",clip,,,test,vocab-item-080,83,vocab__tulip,,,,,,,,,7/28/2026 2:21pm,0,"test tulip tulip glove,rose,hubcap",word,tulip,,,,vocab,,tulip,vocab-en-GB-v1,,"vocab_word_tulip v1_6 es-CO,vocab_word_tulip v1_6 de-DE,vocab_word_tulip v1_6 en-US",v1_6,,,0.0685,1,,7/28/2026 2:21pm,,vocab_word_tulip v1_6 ,vocab_word_tulip v1_6 en-US,1.000,0.069,vocab_word_tulip,0 checked out of 1,
vocab-en-GB-v1 turbine,vocab-en-GB-v1_84,vocab-en-GB-v1,vocab-en-GB-v1,vocab-item-bank-en-GB,vocab,vocab,levante-vocabulary-dev,turbine,vocab,turbine,test_response,vocab-item-081,vocab-item-081,1,0.25,0.18840000,,,turbine,vocab_word_turbine,vocab_word_turbine,,,,,"generator,tab,pesto",clip,,,test,vocab-item-081,84,vocab__turbine,,,,,,,,,7/28/2026 2:21pm,0,"test turbine turbine generator,tab,pesto",word,turbine,,,,vocab,,turbine,vocab-en-GB-v1,,"vocab_word_turbine v1_6 es-CO,vocab_word_turbine v1_6 de-DE,vocab_word_turbine v1_6 en-US",v1_6,,,0.1280,1,,7/28/2026 2:21pm,,vocab_word_turbine v1_6 ,vocab_word_turbine v1_6 en-US,1.000,0.128,vocab_word_turbine,0 checked out of 1,
vocab-en-GB-v1 turkey,vocab-en-GB-v1_85,vocab-en-GB-v1,vocab-en-GB-v1,vocab-item-bank-en-GB,vocab,vocab,levante-vocabulary-dev,turkey,vocab,turkey,test_response,vocab-item-082,vocab-item-082,1,0.25,-4.43430000,,,turkey,vocab_word_turkey,vocab_word_turkey,,,,,"goat,swan,pencil",clip,,,test,vocab-item-082,85,vocab__turkey,,,,,,,,,7/28/2026 2:21pm,0,"test turkey turkey goat,swan,pencil",word,turkey,,,,vocab,,turkey,vocab-en-GB-v1,,"vocab_word_turkey v1_6 es-CO,vocab_word_turkey v1_6 de-DE,vocab_word_turkey v1_6 en-US",v1_6,,,-2.4803,1,,7/28/2026 2:21pm,,vocab_word_turkey v1_6 ,vocab_word_turkey v1_6 en-US,1.000,-2.480,vocab_word_turkey,0 checked out of 1,
vocab-en-GB-v1 turtle,vocab-en-GB-v1_86,vocab-en-GB-v1,vocab-en-GB-v1,vocab-item-bank-en-GB,vocab,vocab,levante-vocabulary-dev,turtle,vocab,turtle,test_response,vocab-item-083,vocab-item-083,1,0.25,,,,turtle,vocab_word_turtle,vocab_word_turtle,,,,,"frog,horse,railing",clip,,,test,vocab-item-083,86,vocab__turtle,,,,,,,,,7/28/2026 2:21pm,0,"test turtle turtle frog,horse,railing",word,turtle,,,,vocab,,turtle,vocab-en-GB-v1,,"vocab_word_turtle v1_6 es-CO,vocab_word_turtle v1_6 de-DE",v1_6,vocab_word_turtle-en-US,-5.000,-5.0000,,,7/28/2026 2:21pm,,vocab_word_turtle v1_6 ,,,,vocab_word_turtle,0 checked out of 1,
vocab-en-GB-v1 typewriter,vocab-en-GB-v1_87,vocab-en-GB-v1,vocab-en-GB-v1,vocab-item-bank-en-GB,vocab,vocab,levante-vocabulary-dev,typewriter,vocab,typewriter,test_response,vocab-item-084,vocab-item-084,1,0.25,,,,typewriter,vocab_word_typewriter,vocab_word_typewriter,,,,,"printer,sunglasses,drumstick",clip,,,test,vocab-item-084,87,vocab__typewriter,,,,,,,,,7/28/2026 2:21pm,0,"test typewriter typewriter printer,sunglasses,drumstick",word,typewriter,,,,vocab,,typewriter,vocab-en-GB-v1,,"vocab_word_typewriter v1_6 es-CO,vocab_word_typewriter v1_6 de-DE,vocab_word_typewriter v1_6 en-US",v1_6,,,-1.3525,1,,7/28/2026 2:21pm,,vocab_word_typewriter v1_6 ,vocab_word_typewriter v1_6 en-US,1.000,-1.353,vocab_word_typewriter,0 checked out of 1,
vocab-en-GB-v1 watermelon,vocab-en-GB-v1_88,vocab-en-GB-v1,vocab-en-GB-v1,vocab-item-bank-en-GB,vocab,vocab,levante-vocabulary-dev,watermelon,vocab,watermelon,test_response,vocab-item-085,vocab-item-085,1,0.25,,,,watermelon,vocab_word_watermelon,vocab_word_watermelon,,,,,"screwdriver,strawberry,crane",clip,,,test,vocab-item-085,88,vocab__watermelon,,,,,,,,,7/28/2026 2:21pm,0,"test watermelon watermelon screwdriver,strawberry,crane",word,watermelon,,,,vocab,,watermelon,vocab-en-GB-v1,,"vocab_word_watermelon v1_6 es-CO,vocab_word_watermelon v1_6 de-DE",v1_6,vocab_word_watermelon-en-US,-5.000,-5.0000,,,7/28/2026 2:21pm,,vocab_word_watermelon v1_6 ,,,,vocab_word_watermelon,0 checked out of 1,
vocab-en-GB-v1 waterwheel,vocab-en-GB-v1_89,vocab-en-GB-v1,vocab-en-GB-v1,vocab-item-bank-en-GB,vocab,vocab,levante-vocabulary-dev,waterwheel,vocab,waterwheel,test_response,vocab-item-086,vocab-item-086,1,0.25,,,,waterwheel,vocab_word_waterwheel,vocab_word_waterwheel,,,,,"pinwheel,target,boa",clip,,,test,vocab-item-086,89,vocab__waterwheel,,,,,,,,,7/28/2026 2:21pm,0,"test waterwheel waterwheel pinwheel,target,boa",word,waterwheel,,,,vocab,,waterwheel,vocab-en-GB-v1,,"vocab_word_waterwheel v1_6 es-CO,vocab_word_waterwheel v1_6 de-DE,vocab_word_waterwheel v1_6 en-US",v1_6,,,-0.3239,1,,7/28/2026 2:21pm,,vocab_word_waterwheel v1_6 ,vocab_word_waterwheel v1_6 en-US,1.000,-0.324,vocab_word_waterwheel,0 checked out of 1,
vocab-en-GB-v1 ant,vocab-en-GB-v1_90,vocab-en-GB-v1,vocab-en-GB-v1,vocab-item-bank-en-GB,vocab,vocab,levante-vocabulary-dev,ant,vocab,ant,test_response,vocab-item-087,vocab-item-087,1,0.25,,,,ant,vocab_word_ant,vocab_word_ant,,,,,"muffin,raspberry,mint",clip,,,catch,vocab-item-087,90,vocab__ant,,,,,,,,,7/28/2026 2:21pm,0,"catch ant ant muffin,raspberry,mint",word,ant,,,,vocab,,ant,vocab-en-GB-v1,,"vocab_word_ant v1_6 es-CO,vocab_word_ant v1_6 de-DE",v1_6,vocab_word_ant-en-US,-5.000,-5.0000,,,7/28/2026 2:21pm,,vocab_word_ant v1_6 ,,,,vocab_word_ant,0 checked out of 1,
vocab-en-GB-v1 ball,vocab-en-GB-v1_91,vocab-en-GB-v1,vocab-en-GB-v1,vocab-item-bank-en-GB,vocab,vocab,levante-vocabulary-dev,ball,vocab,ball,test_response,vocab-item-088,vocab-item-088,1,0.25,-4.44740000,,,ball,vocab_word_ball,vocab_word_ball,,,,,"pen,peach,snack",clip,,,catch,vocab-item-088,91,vocab__ball,,,,,,,,,7/28/2026 2:21pm,0,"catch ball ball pen,peach,snack",word,ball,,,,vocab,,ball,vocab-en-GB-v1,,"vocab_word_ball v1_6 es-CO,vocab_word_ball v1_6 de-DE,vocab_word_ball v1_6 en-US",v1_6,,,-4.6580,1,,7/28/2026 2:21pm,,vocab_word_ball v1_6 ,vocab_word_ball v1_6 en-US,1.000,-4.658,vocab_word_ball,0 checked out of 1,
vocab-en-GB-v1 bear,vocab-en-GB-v1_92,vocab-en-GB-v1,vocab-en-GB-v1,vocab-item-bank-en-GB,vocab,vocab,levante-vocabulary-dev,bear,vocab,bear,test_response,vocab-item-089,vocab-item-089,1,0.25,-4.51340000,,,bear,vocab_word_bear,vocab_word_bear,,,,,"mirror,saw,bell",clip,,,catch,vocab-item-089,92,vocab__bear,,,,,,,,,7/28/2026 2:21pm,0,"catch bear bear mirror,saw,bell",word,bear,,,,vocab,,bear,vocab-en-GB-v1,,"vocab_word_bear v1_6 es-CO,vocab_word_bear v1_6 de-DE",v1_6,vocab_word_bear-en-US,-5.000,-5.0000,,,7/28/2026 2:21pm,,vocab_word_bear v1_6 ,,,,vocab_word_bear,0 checked out of 1,
vocab-en-GB-v1 duck,vocab-en-GB-v1_93,vocab-en-GB-v1,vocab-en-GB-v1,vocab-item-bank-en-GB,vocab,vocab,levante-vocabulary-dev,duck,vocab,duck,test_response,vocab-item-090,vocab-item-090,1,0.25,,,,duck,vocab_word_duck,vocab_word_duck,,,,,"tongue,ladder,snake",clip,,,practice,vocab-item-090,93,vocab__duck,,,,,,,,,7/28/2026 2:21pm,0,"practice duck duck tongue,ladder,snake",word,duck,,,,vocab,,duck,vocab-en-GB-v1,,,v1_6,,,,,,7/28/2026 2:21pm,,vocab_word_duck v1_6 ,,,,vocab_word_duck,0 checked out of 1,
vocab-en-GB-v1 fork,vocab-en-GB-v1_94,vocab-en-GB-v1,vocab-en-GB-v1,vocab-item-bank-en-GB,vocab,vocab,levante-vocabulary-dev,fork,vocab,fork,test_response,vocab-item-091,vocab-item-091,1,0.25,,,,fork,vocab_word_fork,vocab_word_fork,,,,,"crow,wagon,bead",clip,,,practice,vocab-item-091,94,vocab__fork,,,,,,,,,7/28/2026 2:21pm,0,"practice fork fork crow,wagon,bead",word,fork,,,,vocab,,fork,vocab-en-GB-v1,,,v1_6,,,,,,7/28/2026 2:21pm,,vocab_word_fork v1_6 ,,,,vocab_word_fork,0 checked out of 1,
vocab-en-GB-v1 kitten,vocab-en-GB-v1_95,vocab-en-GB-v1,vocab-en-GB-v1,vocab-item-bank-en-GB,vocab,vocab,levante-vocabulary-dev,kitten,vocab,kitten,test_response,vocab-item-092,vocab-item-092,1,0.25,,,,kitten,vocab_word_kitten,vocab_word_kitten,,,,,"wrist,pillow,mattress",clip,,,practice,vocab-item-092,95,vocab__kitten,,,,,,,,,7/28/2026 2:21pm,0,"practice kitten kitten wrist,pillow,mattress",word,kitten,,,,vocab,,kitten,vocab-en-GB-v1,,,v1_6,,,,,,7/28/2026 2:21pm,,vocab_word_kitten v1_6 ,,,,vocab_word_kitten,0 checked out of 1,
vocab-en-GB-v1 knee,vocab-en-GB-v1_96,vocab-en-GB-v1,vocab-en-GB-v1,vocab-item-bank-en-GB,vocab,vocab,levante-vocabulary-dev,knee,vocab,knee,test_response,vocab-item-093,vocab-item-093,1,0.25,,,,knee,vocab_word_knee,vocab_word_knee,,,,,"face,leash,sock",clip,,,practice,vocab-item-093,96,vocab__knee,,,,,,,,,7/28/2026 2:21pm,0,"practice knee knee face,leash,sock",word,knee,,,,vocab,,knee,vocab-en-GB-v1,,,v1_6,,,,,,7/28/2026 2:21pm,,vocab_word_knee v1_6 ,,,,vocab_word_knee,0 checked out of 1,
vocab-en-GB-v1 milkshake,vocab-en-GB-v1_97,vocab-en-GB-v1,vocab-en-GB-v1,vocab-item-bank-en-GB,vocab,vocab,levante-vocabulary-dev,milkshake,vocab,milkshake,test_response,vocab-item-094,vocab-item-094,1,0.25,,,,milkshake,vocab_word_milkshake,vocab_word_milkshake,,,,,"pan,needle,gate",clip,,,practice,vocab-item-094,97,vocab__milkshake,,,,,,,,,7/28/2026 2:21pm,0,"practice milkshake milkshake pan,needle,gate",word,milkshake,,,,vocab,,milkshake,vocab-en-GB-v1,,,v1_6,,,,,,7/28/2026 2:21pm,,vocab_word_milkshake v1_6 ,,,,vocab_word_milkshake,0 checked out of 1,
vocab-en-GB-v1 skin,vocab-en-GB-v1_98,vocab-en-GB-v1,vocab-en-GB-v1,vocab-item-bank-en-GB,vocab,vocab,levante-vocabulary-dev,skin,vocab,skin,test_response,vocab-item-095,vocab-item-095,1,0.25,,,,skin,vocab_word_skin,vocab_word_skin,,,,,"cardboard,drum,clock",clip,,,practice,vocab-item-095,98,vocab__skin,,,,,,,,,7/28/2026 2:21pm,0,"practice skin skin cardboard,drum,clock",word,skin,,,,vocab,,skin,vocab-en-GB-v1,,,v1_6,,,,,,7/28/2026 2:21pm,,vocab_word_skin v1_6 ,,,,vocab_word_skin,0 checked out of 1,
vocab-en-GB-v1 wall,vocab-en-GB-v1_99,vocab-en-GB-v1,vocab-en-GB-v1,vocab-item-bank-en-GB,vocab,vocab,levante-vocabulary-dev,wall,vocab,wall,test_response,vocab-item-096,vocab-item-096,1,0.25,,,,wall,vocab_word_wall,vocab_word_wall,,,,,"knob,sponge,robot",clip,,,practice,vocab-item-096,99,vocab__wall,,,,,,,,,7/28/2026 2:21pm,0,"practice wall wall knob,sponge,robot",word,wall,,,,vocab,,wall,vocab-en-GB-v1,,,v1_6,,,,,,7/28/2026 2:21pm,,vocab_word_wall v1_6 ,,,,vocab_word_wall,0 checked out of 1,
vocab-en-GB-v1 wheel,vocab-en-GB-v1_100,vocab-en-GB-v1,vocab-en-GB-v1,vocab-item-bank-en-GB,vocab,vocab,levante-vocabulary-dev,wheel,vocab,wheel,test_response,vocab-item-097,vocab-item-097,1,0.25,,,,wheel,vocab_word_wheel,vocab_word_wheel,,,,,"fish,bowl,meat",clip,,,practice,vocab-item-097,100,vocab__wheel,,,,,,,,,7/28/2026 2:21pm,0,"practice wheel wheel fish,bowl,meat",word,wheel,,,,vocab,,wheel,vocab-en-GB-v1,,,v1_6,,,,,,7/28/2026 2:21pm,,vocab_word_wheel v1_6 ,,,,vocab_word_wheel,0 checked out of 1,
vocab-en-GB-v1 farm,vocab-en-GB-v1_101,vocab-en-GB-v1,vocab-en-GB-v1,vocab-item-bank-en-GB,vocab,vocab,levante-vocabulary-dev,farm,vocab,farm,test_response,vocab-item-098,vocab-item-098,1,0.25,,,,farm,vocab_word_farm,vocab_word_farm,,,,,"zoo,park,forest",manual,,,test,vocab-item-098,101,vocab__farm,,,,,,,,,7/28/2026 2:21pm,0,"test farm farm zoo,park,forest",word,farm,,,,vocab,,farm,vocab-en-GB-v1,,"vocab_word_farm v1_6 es-CO,vocab_word_farm v1_6 de-DE,vocab_word_farm v1_6 en-US",v1_6,,,-2.1056,1,,7/28/2026 2:21pm,,vocab_word_farm v1_6 ,vocab_word_farm v1_6 en-US,1.000,-2.106,vocab_word_farm,0 checked out of 1,
vocab-en-GB-v1 juggling,vocab-en-GB-v1_102,vocab-en-GB-v1,vocab-en-GB-v1,vocab-item-bank-en-GB,vocab,vocab,levante-vocabulary-dev,juggling,vocab,juggling,test_response,vocab-item-099,vocab-item-099,1,0.25,,,,juggling,vocab_word_juggling,vocab_word_juggling,,,,,"running,biking,playing",manual,,,test,vocab-item-099,102,vocab__juggling,,,,,,,,,7/28/2026 2:21pm,0,"test juggling juggling running,biking,playing",word,juggling,,,,vocab,,juggling,vocab-en-GB-v1,,"vocab_word_juggling v1_6 es-CO,vocab_word_juggling v1_6 de-DE",v1_6,vocab_word_juggling-en-US,-5.000,-5.0000,,,7/28/2026 2:21pm,,vocab_word_juggling v1_6 ,,,,vocab_word_juggling,0 checked out of 1,
vocab-en-GB-v1 dressing,vocab-en-GB-v1_103,vocab-en-GB-v1,vocab-en-GB-v1,vocab-item-bank-en-GB,vocab,vocab,levante-vocabulary-dev,dressing,vocab,dressing,test_response,vocab-item-100,vocab-item-100,1,0.25,-1.48670000,,,dressing,vocab_word_dressing,vocab_word_dressing,,,,,"juice,ketchup,flour",manual,,,test,vocab-item-100,103,vocab__dressing,,,,,,,,,7/28/2026 2:21pm,0,"test dressing dressing juice,ketchup,flour",word,dressing,,,,vocab,,dressing,vocab-en-GB-v1,,"vocab_word_dressing v1_6 es-CO,vocab_word_dressing v1_6 de-DE,vocab_word_dressing v1_6 en-US",v1_6,,,0.2529,1,,7/28/2026 2:21pm,,vocab_word_dressing v1_6 ,vocab_word_dressing v1_6 en-US,1.000,0.253,vocab_word_dressing,0 checked out of 1,
vocab-en-GB-v1 roof,vocab-en-GB-v1_104,vocab-en-GB-v1,vocab-en-GB-v1,vocab-item-bank-en-GB,vocab,vocab,levante-vocabulary-dev,roof,vocab,roof,test_response,vocab-item-101,vocab-item-101,1,0.25,-3.26050000,,,roof,vocab_word_roof,vocab_word_roof,,,,,"stairs,door,fence",manual,,,test,vocab-item-101,104,vocab__roof,,,,,,,,,7/28/2026 2:21pm,0,"test roof roof stairs,door,fence",word,roof,,,,vocab,,roof,vocab-en-GB-v1,,"vocab_word_roof v1_6 es-CO,vocab_word_roof v1_6 de-DE,vocab_word_roof v1_6 en-US",v1_6,,,-2.2783,1,,7/28/2026 2:21pm,,vocab_word_roof v1_6 ,vocab_word_roof v1_6 en-US,1.000,-2.278,vocab_word_roof,0 checked out of 1,
vocab-en-GB-v1 peeking,vocab-en-GB-v1_105,vocab-en-GB-v1,vocab-en-GB-v1,vocab-item-bank-en-GB,vocab,vocab,levante-vocabulary-dev,peeking,vocab,peeking,test_response,vocab-item-102,vocab-item-102,1,0.25,-3.24870000,,,peeking,vocab_word_peeking,vocab_word_peeking,,,,,"reading,playing,surfing",manual,,,test,vocab-item-102,105,vocab__peeking,,,,,,,,,7/28/2026 2:21pm,0,"test peeking peeking reading,playing,surfing",word,peeking,,,,vocab,,peeking,vocab-en-GB-v1,,"vocab_word_peeking v1_6 es-CO,vocab_word_peeking v1_6 de-DE,vocab_word_peeking v1_6 en-US",v1_6,,,-1.9823,1,,7/28/2026 2:21pm,,vocab_word_peeking v1_6 ,vocab_word_peeking v1_6 en-US,1.000,-1.982,vocab_word_peeking,0 checked out of 1,
vocab-en-GB-v1 ruler,vocab-en-GB-v1_106,vocab-en-GB-v1,vocab-en-GB-v1,vocab-item-bank-en-GB,vocab,vocab,levante-vocabulary-dev,ruler,vocab,ruler,test_response,vocab-item-103,vocab-item-103,1,0.25,,,,ruler,vocab_word_ruler,vocab_word_ruler,,,,,"measuringtape,compass,caliper",manual,,,test,vocab-item-103,106,vocab__ruler,,,,,,,,,7/28/2026 2:21pm,0,"test ruler ruler measuringtape,compass,caliper",word,ruler,,,,vocab,,ruler,vocab-en-GB-v1,,"vocab_word_ruler v1_6 es-CO,vocab_word_ruler v1_6 de-DE,vocab_word_ruler v1_6 en-US",v1_6,,,-0.4524,1,,7/28/2026 2:21pm,,vocab_word_ruler v1_6 ,vocab_word_ruler v1_6 en-US,1.000,-0.452,vocab_word_ruler,0 checked out of 1,
vocab-en-GB-v1 tunnel,vocab-en-GB-v1_107,vocab-en-GB-v1,vocab-en-GB-v1,vocab-item-bank-en-GB,vocab,vocab,levante-vocabulary-dev,tunnel,vocab,tunnel,test_response,vocab-item-104,vocab-item-104,1,0.25,,,,tunnel,vocab_word_tunnel,vocab_word_tunnel,,,,,"pathway,waterway,cavern",manual,,,test,vocab-item-104,107,vocab__tunnel,,,,,,,,,7/28/2026 2:21pm,0,"test tunnel tunnel pathway,waterway,cavern",word,tunnel,,,,vocab,,tunnel,vocab-en-GB-v1,,"vocab_word_tunnel v1_6 es-CO,vocab_word_tunnel v1_6 de-DE",v1_6,vocab_word_tunnel-en-US,-5.000,-5.0000,,,7/28/2026 2:21pm,,vocab_word_tunnel v1_6 ,,,,vocab_word_tunnel,0 checked out of 1,
vocab-en-GB-v1 envelope,vocab-en-GB-v1_108,vocab-en-GB-v1,vocab-en-GB-v1,vocab-item-bank-en-GB,vocab,vocab,levante-vocabulary-dev,envelope,vocab,envelope,test_response,vocab-item-105,vocab-item-105,1,0.25,-1.97250000,,,envelope,vocab_word_envelope,vocab_word_envelope,,,,,"checkbook,stamp,notecard",manual,,,test,vocab-item-105,108,vocab__envelope,,,,,,,,,7/28/2026 2:21pm,0,"test envelope envelope checkbook,stamp,notecard",word,envelope,,,,vocab,,envelope,vocab-en-GB-v1,,"vocab_word_envelope v1_6 es-CO,vocab_word_envelope v1_6 de-DE,vocab_word_envelope v1_6 en-US",v1_6,,,-1.5800,1,,7/28/2026 2:21pm,,vocab_word_envelope v1_6 ,vocab_word_envelope v1_6 en-US,1.000,-1.580,vocab_word_envelope,0 checked out of 1,
vocab-en-GB-v1 diamond,vocab-en-GB-v1_109,vocab-en-GB-v1,vocab-en-GB-v1,vocab-item-bank-en-GB,vocab,vocab,levante-vocabulary-dev,diamond,vocab,diamond,test_response,vocab-item-106,vocab-item-106,1,0.25,-2.37060000,,,diamond,vocab_word_diamond,vocab_word_diamond,,,,,"ring,emerald,amethyst",manual,,,test,vocab-item-106,109,vocab__diamond,,,,,,,,,7/28/2026 2:21pm,0,"test diamond diamond ring,emerald,amethyst",word,diamond,,,,vocab,,diamond,vocab-en-GB-v1,,"vocab_word_diamond v1_6 es-CO,vocab_word_diamond v1_6 de-DE,vocab_word_diamond v1_6 en-US",v1_6,,,-0.7898,1,,7/28/2026 2:21pm,,vocab_word_diamond v1_6 ,vocab_word_diamond v1_6 en-US,1.000,-0.790,vocab_word_diamond,0 checked out of 1,
vocab-en-GB-v1 calendar,vocab-en-GB-v1_110,vocab-en-GB-v1,vocab-en-GB-v1,vocab-item-bank-en-GB,vocab,vocab,levante-vocabulary-dev,calendar,vocab,calendar,test_response,vocab-item-107,vocab-item-107,1,0.25,-3.77550000,,,calendar,vocab_word_calendar,vocab_word_calendar,,,,,"hourglass,sundial,notebook",manual,,,test,vocab-item-107,110,vocab__calendar,,,,,,,,,7/28/2026 2:21pm,0,"test calendar calendar hourglass,sundial,notebook",word,calendar,,,,vocab,,calendar,vocab-en-GB-v1,,"vocab_word_calendar v1_6 es-CO,vocab_word_calendar v1_6 de-DE,vocab_word_calendar v1_6 en-US",v1_6,,,-2.4320,1,,7/28/2026 2:21pm,,vocab_word_calendar v1_6 ,vocab_word_calendar v1_6 en-US,1.000,-2.432,vocab_word_calendar,0 checked out of 1,
vocab-en-GB-v1 panda,vocab-en-GB-v1_111,vocab-en-GB-v1,vocab-en-GB-v1,vocab-item-bank-en-GB,vocab,vocab,levante-vocabulary-dev,panda,vocab,panda,test_response,vocab-item-108,vocab-item-108,1,0.25,-4.05490000,,,panda,vocab_word_panda,vocab_word_panda,,,,,"koala,pig,zebra",manual,,,test,vocab-item-108,111,vocab__panda,,,,,,,,,7/28/2026 2:21pm,0,"test panda panda koala,pig,zebra",word,panda,,,,vocab,,panda,vocab-en-GB-v1,,"vocab_word_panda v1_6 es-CO,vocab_word_panda v1_6 de-DE,vocab_word_panda v1_6 en-US",v1_6,,,-3.2419,1,,7/28/2026 2:21pm,,vocab_word_panda v1_6 ,vocab_word_panda v1_6 en-US,1.000,-3.242,vocab_word_panda,0 checked out of 1,
vocab-en-GB-v1 arrow,vocab-en-GB-v1_112,vocab-en-GB-v1,vocab-en-GB-v1,vocab-item-bank-en-GB,vocab,vocab,levante-vocabulary-dev,arrow,vocab,arrow,test_response,vocab-item-109,vocab-item-109,1,0.25,-0.82740000,,,arrow,vocab_word_arrow,vocab_word_arrow,,,,,"bow,feather,stick",manual,,,test,vocab-item-109,112,vocab__arrow,,,,,,,,,7/28/2026 2:21pm,0,"test arrow arrow bow,feather,stick",word,arrow,,,,vocab,,arrow,vocab-en-GB-v1,,"vocab_word_arrow v1_6 es-CO,vocab_word_arrow v1_6 de-DE,vocab_word_arrow v1_6 en-US",v1_6,,,0.2314,1,,7/28/2026 2:21pm,,vocab_word_arrow v1_6 ,vocab_word_arrow v1_6 en-US,1.000,0.231,vocab_word_arrow,0 checked out of 1,
vocab-en-GB-v1 picking,vocab-en-GB-v1_113,vocab-en-GB-v1,vocab-en-GB-v1,vocab-item-bank-en-GB,vocab,vocab,levante-vocabulary-dev,picking,vocab,picking,test_response,vocab-item-110,vocab-item-110,1,0.25,-2.99490000,,,picking,vocab_word_picking,vocab_word_picking,,,,,"jumping,dancing,kneading",manual,,,test,vocab-item-110,113,vocab__picking,,,,,,,,,7/28/2026 2:21pm,0,"test picking picking jumping,dancing,kneading",word,picking,,,,vocab,,picking,vocab-en-GB-v1,,"vocab_word_picking v1_6 es-CO,vocab_word_picking v1_6 de-DE,vocab_word_picking v1_6 en-US",v1_6,,,-1.5828,1,,7/28/2026 2:21pm,,vocab_word_picking v1_6 ,vocab_word_picking v1_6 en-US,1.000,-1.583,vocab_word_picking,0 checked out of 1,
vocab-en-GB-v1 dripping,vocab-en-GB-v1_114,vocab-en-GB-v1,vocab-en-GB-v1,vocab-item-bank-en-GB,vocab,vocab,levante-vocabulary-dev,dripping,vocab,dripping,test_response,vocab-item-111,vocab-item-111,1,0.25,-2.04780000,,,dripping,vocab_word_dripping,vocab_word_dripping,,,,,"pouring,flowing,splashing",manual,,,test,vocab-item-111,114,vocab__dripping,,,,,,,,,7/28/2026 2:21pm,0,"test dripping dripping pouring,flowing,splashing",word,dripping,,,,vocab,,dripping,vocab-en-GB-v1,,"vocab_word_dripping v1_6 es-CO,vocab_word_dripping v1_6 de-DE,vocab_word_dripping v1_6 en-US",v1_6,,,-1.3354,1,,7/28/2026 2:21pm,,vocab_word_dripping v1_6 ,vocab_word_dripping v1_6 en-US,1.000,-1.335,vocab_word_dripping,0 checked out of 1,
vocab-en-GB-v1 knight,vocab-en-GB-v1_115,vocab-en-GB-v1,vocab-en-GB-v1,vocab-item-bank-en-GB,vocab,vocab,levante-vocabulary-dev,knight,vocab,knight,test_response,vocab-item-112,vocab-item-112,1,0.25,,,,knight,vocab_word_knight,vocab_word_knight,,,,,"malepirate,king,astronaut",manual,,,test,vocab-item-112,115,vocab__knight,,,,,,,,,7/28/2026 2:21pm,0,"test knight knight malepirate,king,astronaut",word,knight,,,,vocab,,knight,vocab-en-GB-v1,,"vocab_word_knight v1_6 es-CO,vocab_word_knight v1_6 de-DE,vocab_word_knight v1_6 en-US",v1_6,,,-1.3529,1,,7/28/2026 2:21pm,,vocab_word_knight v1_6 ,vocab_word_knight v1_6 en-US,1.000,-1.353,vocab_word_knight,0 checked out of 1,
vocab-en-GB-v1 delivering,vocab-en-GB-v1_116,vocab-en-GB-v1,vocab-en-GB-v1,vocab-item-bank-en-GB,vocab,vocab,levante-vocabulary-dev,delivering,vocab,delivering,test_response,vocab-item-113,vocab-item-113,1,0.25,-2.06590000,,,delivering,vocab_word_delivering,vocab_word_delivering,,,,,"opening,building,connecting",manual,,,test,vocab-item-113,116,vocab__delivering,,,,,,,,,7/28/2026 2:21pm,0,"test delivering delivering opening,building,connecting",word,delivering,,,,vocab,,delivering,vocab-en-GB-v1,,"vocab_word_delivering v1_6 es-CO,vocab_word_delivering v1_6 de-DE,vocab_word_delivering v1_6 en-US",v1_6,,,-1.3330,1,,7/28/2026 2:21pm,,vocab_word_delivering v1_6 ,vocab_word_delivering v1_6 en-US,1.000,-1.333,vocab_word_delivering,0 checked out of 1,
vocab-en-GB-v1 dentist,vocab-en-GB-v1_117,vocab-en-GB-v1,vocab-en-GB-v1,vocab-item-bank-en-GB,vocab,vocab,levante-vocabulary-dev,dentist,vocab,dentist,test_response,vocab-item-114,vocab-item-114,1,0.25,-2.82960000,,,dentist,vocab_word_dentist,vocab_word_dentist,,,,,"maledoctor,pharmacist,scientist",manual,,,test,vocab-item-114,117,vocab__dentist,,,,,,,,,7/28/2026 2:21pm,0,"test dentist dentist maledoctor,pharmacist,scientist",word,dentist,,,,vocab,,dentist,vocab-en-GB-v1,,"vocab_word_dentist v1_6 es-CO,vocab_word_dentist v1_6 de-DE,vocab_word_dentist v1_6 en-US",v1_6,,,-1.4443,1,,7/28/2026 2:21pm,,vocab_word_dentist v1_6 ,vocab_word_dentist v1_6 en-US,1.000,-1.444,vocab_word_dentist,0 checked out of 1,
vocab-en-GB-v1 uniform,vocab-en-GB-v1_119,vocab-en-GB-v1,vocab-en-GB-v1,vocab-item-bank-en-GB,vocab,vocab,levante-vocabulary-dev,uniform,vocab,uniform,test_response,vocab-item-116,vocab-item-116,1,0.25,-0.77760000,,,uniform,vocab_word_uniform,vocab_word_uniform,,,,,"costume,suit,dress",manual,,,test,vocab-item-116,119,vocab__uniform,,,,,,,,,7/28/2026 2:21pm,0,"test uniform uniform costume,suit,dress",word,uniform,,,,vocab,,uniform,vocab-en-GB-v1,,"vocab_word_uniform v1_6 es-CO,vocab_word_uniform v1_6 de-DE,vocab_word_uniform v1_6 en-US",v1_6,,,1.4055,1,,7/28/2026 2:21pm,,vocab_word_uniform v1_6 ,vocab_word_uniform v1_6 en-US,1.000,1.406,vocab_word_uniform,0 checked out of 1,
vocab-en-GB-v1 furry,vocab-en-GB-v1_120,vocab-en-GB-v1,vocab-en-GB-v1,vocab-item-bank-en-GB,vocab,vocab,levante-vocabulary-dev,furry,vocab,furry,test_response,vocab-item-117,vocab-item-117,1,0.25,-2.53840000,,,furry,vocab_word_furry,vocab_word_furry,,,,,"hairy,fluffy,silky",manual,,,test,vocab-item-117,120,vocab__furry,,,,,,,,,7/28/2026 2:21pm,0,"test furry furry hairy,fluffy,silky",word,furry,,,,vocab,,furry,vocab-en-GB-v1,,"vocab_word_furry v1_6 es-CO,vocab_word_furry v1_6 de-DE,vocab_word_furry v1_6 en-US",v1_6,,,-2.0687,1,,7/28/2026 2:21pm,,vocab_word_furry v1_6 ,vocab_word_furry v1_6 en-US,1.000,-2.069,vocab_word_furry,0 checked out of 1,
vocab-en-GB-v1 cormorant,vocab-en-GB-v1_121,vocab-en-GB-v1,vocab-en-GB-v1,vocab-item-bank-en-GB,vocab,vocab,levante-vocabulary-dev,cormorant,vocab,cormorant,test_response,vocab-item-118,vocab-item-118,1,0.25,0.22870000,,,cormorant,vocab_word_cormorant,vocab_word_cormorant,,,,,"eel,narwhal,turtle",dutch,,,test,vocab-item-118,121,vocab__cormorant,,,,,,,,,7/28/2026 2:21pm,0,"test cormorant cormorant eel,narwhal,turtle",word,cormorant,,,,vocab,,cormorant,vocab-en-GB-v1,,"vocab_word_cormorant v1_6 es-CO,vocab_word_cormorant v1_6 de-DE,vocab_word_cormorant v1_6 en-US",v1_6,,,0.7297,1,,7/28/2026 2:21pm,,vocab_word_cormorant v1_6 ,vocab_word_cormorant v1_6 en-US,1.000,0.730,vocab_word_cormorant,0 checked out of 1,
vocab-en-GB-v1 fetch,vocab-en-GB-v1_122,vocab-en-GB-v1,vocab-en-GB-v1,vocab-item-bank-en-GB,vocab,vocab,levante-vocabulary-dev,fetch,vocab,fetch,test_response,vocab-item-119,vocab-item-119,1,0.25,-1.91090000,,,fetch,vocab_word_fetch,vocab_word_fetch,,,,,"jump,fight,sit",dutch,,,test,vocab-item-119,122,vocab__fetch,,,,,,,,,7/28/2026 2:21pm,0,"test fetch fetch jump,fight,sit",word,fetch,,,,vocab,,fetch,vocab-en-GB-v1,,"vocab_word_fetch v1_6 es-CO,vocab_word_fetch v1_6 de-DE,vocab_word_fetch v1_6 en-US",v1_6,,,-0.9061,1,,7/28/2026 2:21pm,,vocab_word_fetch v1_6 ,vocab_word_fetch v1_6 en-US,1.000,-0.906,vocab_word_fetch,0 checked out of 1,
vocab-en-GB-v1 arcade,vocab-en-GB-v1_123,vocab-en-GB-v1,vocab-en-GB-v1,vocab-item-bank-en-GB,vocab,vocab,levante-vocabulary-dev,arcade,vocab,arcade,test_response,vocab-item-120,vocab-item-120,1,0.25,1.16240000,,,arcade,vocab_word_arcade,vocab_word_arcade,,,,,"bellows,highvoltage,pier",dutch,,,test,vocab-item-120,123,vocab__arcade,,,,,,,,,7/28/2026 2:21pm,0,"test arcade arcade bellows,highvoltage,pier",word,arcade,,,,vocab,,arcade,vocab-en-GB-v1,,"vocab_word_arcade v1_6 es-CO,vocab_word_arcade v1_6 de-DE,vocab_word_arcade v1_6 en-US",v1_6,,,1.8357,1,,7/28/2026 2:21pm,,vocab_word_arcade v1_6 ,vocab_word_arcade v1_6 en-US,1.000,1.836,vocab_word_arcade,0 checked out of 1,
vocab-en-GB-v1 artifact,vocab-en-GB-v1_124,vocab-en-GB-v1,vocab-en-GB-v1,vocab-item-bank-en-GB,vocab,vocab,levante-vocabulary-dev,artifact,vocab,artifact,test_response,vocab-item-121,vocab-item-121,1,0.25,-0.67540000,,,artifact,vocab_word_artifact,vocab_word_artifact,,,,,"honeycomb,crystal,herringbone",dutch,,,test,vocab-item-121,124,vocab__artifact,,,,,,,,,7/28/2026 2:21pm,0,"test artifact artifact honeycomb,crystal,herringbone",word,artifact,,,,vocab,,artifact,vocab-en-GB-v1,,"vocab_word_artifact v1_6 es-CO,vocab_word_artifact v1_6 de-DE,vocab_word_artifact v1_6 en-US",v1_6,,,0.5139,1,,7/28/2026 2:21pm,,vocab_word_artifact v1_6 ,vocab_word_artifact v1_6 en-US,1.000,0.514,vocab_word_artifact,0 checked out of 1,
vocab-en-GB-v1 aversion,vocab-en-GB-v1_125,vocab-en-GB-v1,vocab-en-GB-v1,vocab-item-bank-en-GB,vocab,vocab,levante-vocabulary-dev,aversion,vocab,aversion,test_response,vocab-item-122,vocab-item-122,1,0.25,2.16630000,,,aversion,vocab_word_aversion,vocab_word_aversion,,,,,"dull,neutral,delighted",dutch,,,test,vocab-item-122,125,vocab__aversion,,,,,,,,,7/28/2026 2:21pm,0,"test aversion aversion dull,neutral,delighted",word,aversion,,,,vocab,,aversion,vocab-en-GB-v1,,"vocab_word_aversion v1_6 es-CO,vocab_word_aversion v1_6 de-DE,vocab_word_aversion v1_6 en-US",v1_6,,,3.4856,1,,7/28/2026 2:21pm,,vocab_word_aversion v1_6 ,vocab_word_aversion v1_6 en-US,1.000,3.486,vocab_word_aversion,0 checked out of 1,
vocab-en-GB-v1 beret,vocab-en-GB-v1_126,vocab-en-GB-v1,vocab-en-GB-v1,vocab-item-bank-en-GB,vocab,vocab,levante-vocabulary-dev,beret,vocab,beret,test_response,vocab-item-123,vocab-item-123,1,0.25,-0.50610000,,,beret,vocab_word_beret,vocab_word_beret,,,,,"hat,chefshat,safarihat",dutch,,,test,vocab-item-123,126,vocab__beret,,,,,,,,,7/28/2026 2:21pm,0,"test beret beret hat,chefshat,safarihat",word,beret,,,,vocab,,beret,vocab-en-GB-v1,,"vocab_word_beret v1_6 es-CO,vocab_word_beret v1_6 de-DE,vocab_word_beret v1_6 en-US",v1_6,,,0.8638,1,,7/28/2026 2:21pm,,vocab_word_beret v1_6 ,vocab_word_beret v1_6 en-US,1.000,0.864,vocab_word_beret,0 checked out of 1,
vocab-en-GB-v1 applaud,vocab-en-GB-v1_127,vocab-en-GB-v1,vocab-en-GB-v1,vocab-item-bank-en-GB,vocab,vocab,levante-vocabulary-dev,applaud,vocab,applaud,test_response,vocab-item-124,vocab-item-124,1,0.25,,,,applaud,vocab_word_applaud,vocab_word_applaud,,,,,"yawn,stare,nurse",dutch,,,test,vocab-item-124,127,vocab__applaud,,,,,,,,,7/28/2026 2:21pm,0,"test applaud applaud yawn,stare,nurse",word,applaud,,,,vocab,,applaud,vocab-en-GB-v1,,"vocab_word_applaud v1_6 es-CO,vocab_word_applaud v1_6 de-DE,vocab_word_applaud v1_6 en-US",v1_6,,,-0.9857,1,,7/28/2026 2:21pm,,vocab_word_applaud v1_6 ,vocab_word_applaud v1_6 en-US,1.000,-0.986,vocab_word_applaud,0 checked out of 1,
vocab-en-GB-v1 timid,vocab-en-GB-v1_128,vocab-en-GB-v1,vocab-en-GB-v1,vocab-item-bank-en-GB,vocab,vocab,levante-vocabulary-dev,timid,vocab,timid,test_response,vocab-item-125,vocab-item-125,1,0.25,2.16530000,,,timid,vocab_word_timid,vocab_word_timid,,,,,"interested,excited,pensive",dutch,,,test,vocab-item-125,128,vocab__timid,,,,,,,,,7/28/2026 2:21pm,0,"test timid timid interested,excited,pensive",word,timid,,,,vocab,,timid,vocab-en-GB-v1,,"vocab_word_timid v1_6 es-CO,vocab_word_timid v1_6 de-DE,vocab_word_timid v1_6 en-US",v1_6,,,2.7209,1,,7/28/2026 2:21pm,,vocab_word_timid v1_6 ,vocab_word_timid v1_6 en-US,1.000,2.721,vocab_word_timid,0 checked out of 1,
vocab-en-GB-v1 camp,vocab-en-GB-v1_129,vocab-en-GB-v1,vocab-en-GB-v1,vocab-item-bank-en-GB,vocab,vocab,levante-vocabulary-dev,camp,vocab,camp,test_response,vocab-item-126,vocab-item-126,1,0.25,-3.68680000,,,camp,vocab_word_camp,vocab_word_camp,,,,,"march,paint,steal",dutch,,,test,vocab-item-126,129,vocab__camp,,,,,,,,,7/28/2026 2:21pm,0,"test camp camp march,paint,steal",word,camp,,,,vocab,,camp,vocab-en-GB-v1,,"vocab_word_camp v1_6 es-CO,vocab_word_camp v1_6 de-DE,vocab_word_camp v1_6 en-US",v1_6,,,-2.8028,1,,7/28/2026 2:21pm,,vocab_word_camp v1_6 ,vocab_word_camp v1_6 en-US,1.000,-2.803,vocab_word_camp,0 checked out of 1,
vocab-en-GB-v1 tumble,vocab-en-GB-v1_130,vocab-en-GB-v1,vocab-en-GB-v1,vocab-item-bank-en-GB,vocab,vocab,levante-vocabulary-dev,tumble,vocab,tumble,test_response,vocab-item-127,vocab-item-127,1,0.25,-1.22880000,,,tumble,vocab_word_tumble,vocab_word_tumble,,,,,"applaud,chisel,scythes",dutch,,,test,vocab-item-127,130,vocab__tumble,,,,,,,,,7/28/2026 2:21pm,0,"test tumble tumble applaud,chisel,scythes",word,tumble,,,,vocab,,tumble,vocab-en-GB-v1,,"vocab_word_tumble v1_6 es-CO,vocab_word_tumble v1_6 de-DE,vocab_word_tumble v1_6 en-US",v1_6,,,-0.5514,1,,7/28/2026 2:21pm,,vocab_word_tumble v1_6 ,vocab_word_tumble v1_6 en-US,1.000,-0.551,vocab_word_tumble,0 checked out of 1,
vocab-en-GB-v1 concentric,vocab-en-GB-v1_131,vocab-en-GB-v1,vocab-en-GB-v1,vocab-item-bank-en-GB,vocab,vocab,levante-vocabulary-dev,concentric,vocab,concentric,test_response,vocab-item-128,vocab-item-128,1,0.25,0.28940000,,,concentric,vocab_word_concentric,vocab_word_concentric,,,,,"oneabovetheother,smallinside,oneachother",dutch,,,test,vocab-item-128,131,vocab__concentric,,,,,,,,,7/28/2026 2:21pm,0,"test concentric concentric oneabovetheother,smallinside,oneachother",word,concentric,,,,vocab,,concentric,vocab-en-GB-v1,,"vocab_word_concentric v1_6 es-CO,vocab_word_concentric v1_6 de-DE,vocab_word_concentric v1_6 en-US",v1_6,,,0.8916,1,,7/28/2026 2:21pm,,vocab_word_concentric v1_6 ,vocab_word_concentric v1_6 en-US,1.000,0.892,vocab_word_concentric,0 checked out of 1,
vocab-en-GB-v1 confectionery,vocab-en-GB-v1_132,vocab-en-GB-v1,vocab-en-GB-v1,vocab-item-bank-en-GB,vocab,vocab,levante-vocabulary-dev,confectionery,vocab,confectionery,test_response,vocab-item-129,vocab-item-129,1,0.25,,,,confectionery,vocab_word_confectionery,vocab_word_confectionery,,,,,"confectionerymaterial,tools,food",dutch,,,test,vocab-item-129,132,vocab__confectionery,,,,,,,,,7/28/2026 2:21pm,0,"test confectionery confectionery confectionerymaterial,tools,food",word,confectionery,,,,vocab,,confectionery,vocab-en-GB-v1,,"vocab_word_confectionery v1_6 es-CO,vocab_word_confectionery v1_6 de-DE,vocab_word_confectionery v1_6 en-US",v1_6,,,2.8096,1,,7/28/2026 2:21pm,,vocab_word_confectionery v1_6 ,vocab_word_confectionery v1_6 en-US,1.000,2.810,vocab_word_confectionery,0 checked out of 1,
vocab-en-GB-v1 couturier,vocab-en-GB-v1_133,vocab-en-GB-v1,vocab-en-GB-v1,vocab-item-bank-en-GB,vocab,vocab,levante-vocabulary-dev,couturier,vocab,couturier,test_response,vocab-item-130,vocab-item-130,1,0.25,2.21270000,,,couturier,vocab_word_couturier,vocab_word_couturier,,,,,"malemarketseller,matador,malestreetartist",dutch,,,test,vocab-item-130,133,vocab__couturier,,,,,,,,,7/28/2026 2:21pm,0,"test couturier couturier malemarketseller,matador,malestreetartist",word,couturier,,,,vocab,,couturier,vocab-en-GB-v1,,"vocab_word_couturier v1_6 es-CO,vocab_word_couturier v1_6 de-DE,vocab_word_couturier v1_6 en-US",v1_6,,,3.5822,1,,7/28/2026 2:21pm,,vocab_word_couturier v1_6 ,vocab_word_couturier v1_6 en-US,1.000,3.582,vocab_word_couturier,0 checked out of 1,
vocab-en-GB-v1 degression,vocab-en-GB-v1_134,vocab-en-GB-v1,vocab-en-GB-v1,vocab-item-bank-en-GB,vocab,vocab,levante-vocabulary-dev,degression,vocab,degression,test_response,vocab-item-131,vocab-item-131,1,0.25,1.26100000,,,degression,vocab_word_degression,vocab_word_degression,,,,,"fluctuation,progression,stagnation",dutch,,,test,vocab-item-131,134,vocab__degression,,,,,,,,,7/28/2026 2:21pm,0,"test degression degression fluctuation,progression,stagnation",word,degression,,,,vocab,,degression,vocab-en-GB-v1,,"vocab_word_degression v1_6 es-CO,vocab_word_degression v1_6 de-DE,vocab_word_degression v1_6 en-US",v1_6,,,1.7995,1,,7/28/2026 2:21pm,,vocab_word_degression v1_6 ,vocab_word_degression v1_6 en-US,1.000,1.800,vocab_word_degression,0 checked out of 1,
vocab-en-GB-v1 divan,vocab-en-GB-v1_135,vocab-en-GB-v1,vocab-en-GB-v1,vocab-item-bank-en-GB,vocab,vocab,levante-vocabulary-dev,divan,vocab,divan,test_response,vocab-item-132,vocab-item-132,1,0.25,,,,divan,vocab_word_divan,vocab_word_divan,,,,,"butterdish,handrail,lintroller",dutch,,,test,vocab-item-132,135,vocab__divan,,,,,,,,,7/28/2026 2:21pm,0,"test divan divan butterdish,handrail,lintroller",word,divan,,,,vocab,,divan,vocab-en-GB-v1,,,v1_6,,,,,,7/28/2026 2:21pm,,vocab_word_divan v1_6 ,,,,vocab_word_divan,0 checked out of 1,
vocab-en-GB-v1 wetland,vocab-en-GB-v1_136,vocab-en-GB-v1,vocab-en-GB-v1,vocab-item-bank-en-GB,vocab,vocab,levante-vocabulary-dev,wetland,vocab,wetland,test_response,vocab-item-133,vocab-item-133,1,0.25,-1.28140000,,,wetland,vocab_word_wetland,vocab_word_wetland,,,,,"field,dune,meadow",dutch,,,test,vocab-item-133,136,vocab__wetland,,,,,,,,,7/28/2026 2:21pm,0,"test wetland wetland field,dune,meadow",word,wetland,,,,vocab,,wetland,vocab-en-GB-v1,,"vocab_word_wetland v1_6 es-CO,vocab_word_wetland v1_6 de-DE,vocab_word_wetland v1_6 en-US",v1_6,,,-1.4479,1,,7/28/2026 2:21pm,,vocab_word_wetland v1_6 ,vocab_word_wetland v1_6 en-US,1.000,-1.448,vocab_word_wetland,0 checked out of 1,
vocab-en-GB-v1 baywindow,vocab-en-GB-v1_137,vocab-en-GB-v1,vocab-en-GB-v1,vocab-item-bank-en-GB,vocab,vocab,levante-vocabulary-dev,baywindow,vocab,baywindow,test_response,vocab-item-134,vocab-item-134,1,0.25,0.78520000,,,baywindow,vocab_word_baywindow,vocab_word_baywindow,,,,,"threshhold,drapery,capital",dutch,,,test,vocab-item-134,137,vocab__baywindow,,,,,,,,,7/28/2026 2:21pm,0,"test baywindow baywindow threshhold,drapery,capital",word,baywindow,,,,vocab,,baywindow,vocab-en-GB-v1,,"vocab_word_baywindow v1_6 es-CO,vocab_word_baywindow v1_6 de-DE,vocab_word_baywindow v1_6 en-US",v1_6,,,1.5444,1,,7/28/2026 2:21pm,,vocab_word_baywindow v1_6 ,vocab_word_baywindow v1_6 en-US,1.000,1.544,vocab_word_baywindow,0 checked out of 1,
vocab-en-GB-v1 aesthete,vocab-en-GB-v1_138,vocab-en-GB-v1,vocab-en-GB-v1,vocab-item-bank-en-GB,vocab,vocab,levante-vocabulary-dev,aesthete,vocab,aesthete,test_response,vocab-item-135,vocab-item-135,1,0.25,,,,aesthete,vocab_word_aesthete,vocab_word_aesthete,,,,,"bloodpressuremeasurement,philatelist,femaleresearcher",dutch,,,test,vocab-item-135,138,vocab__aesthete,,,,,,,,,7/28/2026 2:21pm,0,"test aesthete aesthete bloodpressuremeasurement,philatelist,femaleresearcher",word,aesthete,,,,vocab,,aesthete,vocab-en-GB-v1,,"vocab_word_aesthete v1_6 es-CO,vocab_word_aesthete v1_6 de-DE,vocab_word_aesthete v1_6 en-US",v1_6,,,2.8640,1,,7/28/2026 2:21pm,,vocab_word_aesthete v1_6 ,vocab_word_aesthete v1_6 en-US,1.000,2.864,vocab_word_aesthete,0 checked out of 1,
vocab-en-GB-v1 ecstatic,vocab-en-GB-v1_139,vocab-en-GB-v1,vocab-en-GB-v1,vocab-item-bank-en-GB,vocab,vocab,levante-vocabulary-dev,ecstatic,vocab,ecstatic,test_response,vocab-item-136,vocab-item-136,1,0.25,0.51400000,,,ecstatic,vocab_word_ecstatic,vocab_word_ecstatic,,,,,"sleep,sad,tired",dutch,,,test,vocab-item-136,139,vocab__ecstatic,,,,,,,,,7/28/2026 2:21pm,0,"test ecstatic ecstatic sleep,sad,tired",word,ecstatic,,,,vocab,,ecstatic,vocab-en-GB-v1,,"vocab_word_ecstatic v1_6 es-CO,vocab_word_ecstatic v1_6 de-DE,vocab_word_ecstatic v1_6 en-US",v1_6,,,1.3062,1,,7/28/2026 2:21pm,,vocab_word_ecstatic v1_6 ,vocab_word_ecstatic v1_6 en-US,1.000,1.306,vocab_word_ecstatic,0 checked out of 1,
vocab-en-GB-v1 rickety,vocab-en-GB-v1_140,vocab-en-GB-v1,vocab-en-GB-v1,vocab-item-bank-en-GB,vocab,vocab,levante-vocabulary-dev,rickety,vocab,rickety,test_response,vocab-item-137,vocab-item-137,1,0.25,-1.77950000,,,rickety,vocab_word_rickety,vocab_word_rickety,,,,,"dusk,vacationhome,skyscraper",dutch,,,test,vocab-item-137,140,vocab__rickety,,,,,,,,,7/28/2026 2:21pm,0,"test rickety rickety dusk,vacationhome,skyscraper",word,rickety,,,,vocab,,rickety,vocab-en-GB-v1,,"vocab_word_rickety v1_6 es-CO,vocab_word_rickety v1_6 de-DE,vocab_word_rickety v1_6 en-US",v1_6,,,-0.0643,1,,7/28/2026 2:21pm,,vocab_word_rickety v1_6 ,vocab_word_rickety v1_6 en-US,1.000,-0.064,vocab_word_rickety,0 checked out of 1,
vocab-en-GB-v1 gourmet,vocab-en-GB-v1_141,vocab-en-GB-v1,vocab-en-GB-v1,vocab-item-bank-en-GB,vocab,vocab,levante-vocabulary-dev,gourmet,vocab,gourmet,test_response,vocab-item-138,vocab-item-138,1,0.25,-1.91570000,,,gourmet,vocab_word_gourmet,vocab_word_gourmet,,,,,"archaeological,astronomical,surgical",dutch,,,test,vocab-item-138,141,vocab__gourmet,,,,,,,,,7/28/2026 2:21pm,0,"test gourmet gourmet archaeological,astronomical,surgical",word,gourmet,,,,vocab,,gourmet,vocab-en-GB-v1,,"vocab_word_gourmet v1_6 es-CO,vocab_word_gourmet v1_6 de-DE,vocab_word_gourmet v1_6 en-US",v1_6,,,0.3611,1,,7/28/2026 2:21pm,,vocab_word_gourmet v1_6 ,vocab_word_gourmet v1_6 en-US,1.000,0.361,vocab_word_gourmet,0 checked out of 1,
vocab-en-GB-v1 gesticulate,vocab-en-GB-v1_142,vocab-en-GB-v1,vocab-en-GB-v1,vocab-item-bank-en-GB,vocab,vocab,levante-vocabulary-dev,gesticulate,vocab,gesticulate,test_response,vocab-item-139,vocab-item-139,1,0.25,3.69380000,,,gesticulate,vocab_word_gesticulate,vocab_word_gesticulate,,,,,"listen,pose,hide",dutch,,,test,vocab-item-139,142,vocab__gesticulate,,,,,,,,,7/28/2026 2:21pm,0,"test gesticulate gesticulate listen,pose,hide",word,gesticulate,,,,vocab,,gesticulate,vocab-en-GB-v1,,"vocab_word_gesticulate v1_6 es-CO,vocab_word_gesticulate v1_6 de-DE,vocab_word_gesticulate v1_6 en-US",v1_6,,,3.8603,1,,7/28/2026 2:21pm,,vocab_word_gesticulate v1_6 ,vocab_word_gesticulate v1_6 en-US,1.000,3.860,vocab_word_gesticulate,0 checked out of 1,
vocab-en-GB-v1 facade,vocab-en-GB-v1_143,vocab-en-GB-v1,vocab-en-GB-v1,vocab-item-bank-en-GB,vocab,vocab,levante-vocabulary-dev,facade,vocab,facade,test_response,vocab-item-140,vocab-item-140,1,0.25,4.44120000,,,facade,vocab_word_facade,vocab_word_facade,,,,,"glacier,interior,fog",dutch,,,test,vocab-item-140,143,vocab__facade,,,,,,,,,7/28/2026 2:21pm,0,"test facade facade glacier,interior,fog",word,facade,,,,vocab,,facade,vocab-en-GB-v1,,"vocab_word_facade v1_6 es-CO,vocab_word_facade v1_6 de-DE,vocab_word_facade v1_6 en-US",v1_6,,,4.9015,1,,7/28/2026 2:21pm,,vocab_word_facade v1_6 ,vocab_word_facade v1_6 en-US,1.000,4.902,vocab_word_facade,0 checked out of 1,
vocab-en-GB-v1 slope,vocab-en-GB-v1_144,vocab-en-GB-v1,vocab-en-GB-v1,vocab-item-bank-en-GB,vocab,vocab,levante-vocabulary-dev,slope,vocab,slope,test_response,vocab-item-141,vocab-item-141,1,0.25,-0.05000000,,,slope,vocab_word_slope,vocab_word_slope,,,,,"gap,sky,flat",dutch,,,test,vocab-item-141,144,vocab__slope,,,,,,,,,7/28/2026 2:21pm,0,"test slope slope gap,sky,flat",word,slope,,,,vocab,,slope,vocab-en-GB-v1,,"vocab_word_slope v1_6 es-CO,vocab_word_slope v1_6 de-DE,vocab_word_slope v1_6 en-US",v1_6,,,0.6313,1,,7/28/2026 2:21pm,,vocab_word_slope v1_6 ,vocab_word_slope v1_6 en-US,1.000,0.631,vocab_word_slope,0 checked out of 1,
vocab-en-GB-v1 habit,vocab-en-GB-v1_145,vocab-en-GB-v1,vocab-en-GB-v1,vocab-item-bank-en-GB,vocab,vocab,levante-vocabulary-dev,habit,vocab,habit,test_response,vocab-item-142,vocab-item-142,1,0.25,2.10810000,,,habit,vocab_word_habit,vocab_word_habit,,,,,"divinghelmet,chasuble,mail",dutch,,,test,vocab-item-142,145,vocab__habit,,,,,,,,,7/28/2026 2:21pm,0,"test habit habit divinghelmet,chasuble,mail",word,habit,,,,vocab,,habit,vocab-en-GB-v1,,"vocab_word_habit v1_6 es-CO,vocab_word_habit v1_6 de-DE,vocab_word_habit v1_6 en-US",v1_6,,,3.6412,1,,7/28/2026 2:21pm,,vocab_word_habit v1_6 ,vocab_word_habit v1_6 en-US,1.000,3.641,vocab_word_habit,0 checked out of 1,
vocab-en-GB-v1 intersection,vocab-en-GB-v1_146,vocab-en-GB-v1,vocab-en-GB-v1,vocab-item-bank-en-GB,vocab,vocab,levante-vocabulary-dev,intersection,vocab,intersection,test_response,vocab-item-143,vocab-item-143,1,0.25,-0.48790000,,,intersection,vocab_word_intersection,vocab_word_intersection,,,,,"monastery,avenue,level",dutch,,,test,vocab-item-143,146,vocab__intersection,,,,,,,,,7/28/2026 2:21pm,0,"test intersection intersection monastery,avenue,level",word,intersection,,,,vocab,,intersection,vocab-en-GB-v1,,"vocab_word_intersection v1_6 es-CO,vocab_word_intersection v1_6 de-DE,vocab_word_intersection v1_6 en-US",v1_6,,,0.1433,1,,7/28/2026 2:21pm,,vocab_word_intersection v1_6 ,vocab_word_intersection v1_6 en-US,1.000,0.143,vocab_word_intersection,0 checked out of 1,
vocab-en-GB-v1 irrigation,vocab-en-GB-v1_147,vocab-en-GB-v1,vocab-en-GB-v1,vocab-item-bank-en-GB,vocab,vocab,levante-vocabulary-dev,irrigation,vocab,irrigation,test_response,vocab-item-144,vocab-item-144,1,0.25,1.69230000,,,irrigation,vocab_word_irrigation,vocab_word_irrigation,,,,,"hydroterm,dump,repot",dutch,,,test,vocab-item-144,147,vocab__irrigation,,,,,,,,,7/28/2026 2:21pm,0,"test irrigation irrigation hydroterm,dump,repot",word,irrigation,,,,vocab,,irrigation,vocab-en-GB-v1,,"vocab_word_irrigation v1_6 es-CO,vocab_word_irrigation v1_6 de-DE,vocab_word_irrigation v1_6 en-US",v1_6,,,3.3834,1,,7/28/2026 2:21pm,,vocab_word_irrigation v1_6 ,vocab_word_irrigation v1_6 en-US,1.000,3.383,vocab_word_irrigation,0 checked out of 1,
vocab-en-GB-v1 kazoo,vocab-en-GB-v1_148,vocab-en-GB-v1,vocab-en-GB-v1,vocab-item-bank-en-GB,vocab,vocab,levante-vocabulary-dev,kazoo,vocab,kazoo,test_response,vocab-item-145,vocab-item-145,1,0.25,-0.69810000,,,kazoo,vocab_word_kazoo,vocab_word_kazoo,,,,,"cabasa,mandolin,rainstick",dutch,,,test,vocab-item-145,148,vocab__kazoo,,,,,,,,,7/28/2026 2:21pm,0,"test kazoo kazoo cabasa,mandolin,rainstick",word,kazoo,,,,vocab,,kazoo,vocab-en-GB-v1,,"vocab_word_kazoo v1_6 es-CO,vocab_word_kazoo v1_6 de-DE,vocab_word_kazoo v1_6 en-US",v1_6,,,1.0847,1,,7/28/2026 2:21pm,,vocab_word_kazoo v1_6 ,vocab_word_kazoo v1_6 en-US,1.000,1.085,vocab_word_kazoo,0 checked out of 1,
vocab-en-GB-v1 chat,vocab-en-GB-v1_149,vocab-en-GB-v1,vocab-en-GB-v1,vocab-item-bank-en-GB,vocab,vocab,levante-vocabulary-dev,chat,vocab,chat,test_response,vocab-item-146,vocab-item-146,1,0.25,-3.19600000,,,chat,vocab_word_chat,vocab_word_chat,,,,,"mountaineering,horseriding,referee",dutch,,,test,vocab-item-146,149,vocab__chat,,,,,,,,,7/28/2026 2:21pm,0,"test chat chat mountaineering,horseriding,referee",word,chat,,,,vocab,,chat,vocab-en-GB-v1,,"vocab_word_chat v1_6 es-CO,vocab_word_chat v1_6 de-DE,vocab_word_chat v1_6 en-US",v1_6,,,-1.2105,1,,7/28/2026 2:21pm,,vocab_word_chat v1_6 ,vocab_word_chat v1_6 en-US,1.000,-1.211,vocab_word_chat,0 checked out of 1,
vocab-en-GB-v1 colony,vocab-en-GB-v1_150,vocab-en-GB-v1,vocab-en-GB-v1,vocab-item-bank-en-GB,vocab,vocab,levante-vocabulary-dev,colony,vocab,colony,test_response,vocab-item-147,vocab-item-147,1,0.25,,,,colony,vocab_word_colony,vocab_word_colony,,,,,"herd,pack,school",dutch,,,test,vocab-item-147,150,vocab__colony,,,,,,,,,7/28/2026 2:21pm,0,"test colony colony herd,pack,school",word,colony,,,,vocab,,colony,vocab-en-GB-v1,,"vocab_word_colony v1_6 es-CO,vocab_word_colony v1_6 de-DE,vocab_word_colony v1_6 en-US",v1_6,,,2.4600,1,,7/28/2026 2:21pm,,vocab_word_colony v1_6 ,vocab_word_colony v1_6 en-US,1.000,2.460,vocab_word_colony,0 checked out of 1,
vocab-en-GB-v1 preserve,vocab-en-GB-v1_151,vocab-en-GB-v1,vocab-en-GB-v1,vocab-item-bank-en-GB,vocab,vocab,levante-vocabulary-dev,preserve,vocab,preserve,test_response,vocab-item-148,vocab-item-148,1,0.25,-0.63140000,,,preserve,vocab_word_preserve,vocab_word_preserve,,,,,"grilling,heels,peel",dutch,,,test,vocab-item-148,151,vocab__preserve,,,,,,,,,7/28/2026 2:21pm,0,"test preserve preserve grilling,heels,peel",word,preserve,,,,vocab,,preserve,vocab-en-GB-v1,,"vocab_word_preserve v1_6 es-CO,vocab_word_preserve v1_6 de-DE,vocab_word_preserve v1_6 en-US",v1_6,,,0.9363,1,,7/28/2026 2:21pm,,vocab_word_preserve v1_6 ,vocab_word_preserve v1_6 en-US,1.000,0.936,vocab_word_preserve,0 checked out of 1,
vocab-en-GB-v1 awning,vocab-en-GB-v1_152,vocab-en-GB-v1,vocab-en-GB-v1,vocab-item-bank-en-GB,vocab,vocab,levante-vocabulary-dev,awning,vocab,awning,test_response,vocab-item-149,vocab-item-149,1,0.25,-1.31860000,,,awning,vocab_word_awning,vocab_word_awning,,,,,"lighter,pouch,folder",dutch,,,test,vocab-item-149,152,vocab__awning,,,,,,,,,7/28/2026 2:21pm,0,"test awning awning lighter,pouch,folder",word,awning,,,,vocab,,awning,vocab-en-GB-v1,,"vocab_word_awning v1_6 es-CO,vocab_word_awning v1_6 de-DE,vocab_word_awning v1_6 en-US",v1_6,,,-0.0590,1,,7/28/2026 2:21pm,,vocab_word_awning v1_6 ,vocab_word_awning v1_6 en-US,1.000,-0.059,vocab_word_awning,0 checked out of 1,
vocab-en-GB-v1 mammalogy,vocab-en-GB-v1_153,vocab-en-GB-v1,vocab-en-GB-v1,vocab-item-bank-en-GB,vocab,vocab,levante-vocabulary-dev,mammalogy,vocab,mammalogy,test_response,vocab-item-150,vocab-item-150,1,0.25,2.58010000,,,mammalogy,vocab_word_mammalogy,vocab_word_mammalogy,,,,,"entomology,herpetology,ichthyology",dutch,,,test,vocab-item-150,153,vocab__mammalogy,,,,,,,,,7/28/2026 2:21pm,0,"test mammalogy mammalogy entomology,herpetology,ichthyology",word,mammalogy,,,,vocab,,mammalogy,vocab-en-GB-v1,,"vocab_word_mammalogy v1_6 es-CO,vocab_word_mammalogy v1_6 de-DE,vocab_word_mammalogy v1_6 en-US",v1_6,,,3.8759,1,,7/28/2026 2:21pm,,vocab_word_mammalogy v1_6 ,vocab_word_mammalogy v1_6 en-US,1.000,3.876,vocab_word_mammalogy,0 checked out of 1,
vocab-en-GB-v1 metronome,vocab-en-GB-v1_154,vocab-en-GB-v1,vocab-en-GB-v1,vocab-item-bank-en-GB,vocab,vocab,levante-vocabulary-dev,metronome,vocab,metronome,test_response,vocab-item-151,vocab-item-151,1,0.25,1.01150000,,,metronome,vocab_word_metronome,vocab_word_metronome,,,,,"electricitymeter,protractor,voltmeter",dutch,,,test,vocab-item-151,154,vocab__metronome,,,,,,,,,7/28/2026 2:21pm,0,"test metronome metronome electricitymeter,protractor,voltmeter",word,metronome,,,,vocab,,metronome,vocab-en-GB-v1,,"vocab_word_metronome v1_6 es-CO,vocab_word_metronome v1_6 de-DE,vocab_word_metronome v1_6 en-US",v1_6,,,1.8071,1,,7/28/2026 2:21pm,,vocab_word_metronome v1_6 ,vocab_word_metronome v1_6 en-US,1.000,1.807,vocab_word_metronome,0 checked out of 1,
vocab-en-GB-v1 paleontologist,vocab-en-GB-v1_155,vocab-en-GB-v1,vocab-en-GB-v1,vocab-item-bank-en-GB,vocab,vocab,levante-vocabulary-dev,paleontologist,vocab,paleontologist,test_response,vocab-item-152,vocab-item-152,1,0.25,-0.61560000,,,paleontologist,vocab_word_paleontologist,vocab_word_paleontologist,,,,,"labtechnician,surveyor,roadworker",dutch,,,test,vocab-item-152,155,vocab__paleontologist,,,,,,,,,7/28/2026 2:21pm,0,"test paleontologist paleontologist labtechnician,surveyor,roadworker",word,paleontologist,,,,vocab,,paleontologist,vocab-en-GB-v1,,"vocab_word_paleontologist v1_6 es-CO,vocab_word_paleontologist v1_6 de-DE,vocab_word_paleontologist v1_6 en-US",v1_6,,,0.4841,1,,7/28/2026 2:21pm,,vocab_word_paleontologist v1_6 ,vocab_word_paleontologist v1_6 en-US,1.000,0.484,vocab_word_paleontologist,0 checked out of 1,
vocab-en-GB-v1 percussion,vocab-en-GB-v1_156,vocab-en-GB-v1,vocab-en-GB-v1,vocab-item-bank-en-GB,vocab,vocab,levante-vocabulary-dev,percussion,vocab,percussion,test_response,vocab-item-153,vocab-item-153,1,0.25,1.92760000,,,percussion,vocab_word_percussion,vocab_word_percussion,,,,,"accordion,cello,musicstand",dutch,,,test,vocab-item-153,156,vocab__percussion,,,,,,,,,7/28/2026 2:21pm,0,"test percussion percussion accordion,cello,musicstand",word,percussion,,,,vocab,,percussion,vocab-en-GB-v1,,"vocab_word_percussion v1_6 es-CO,vocab_word_percussion v1_6 de-DE,vocab_word_percussion v1_6 en-US",v1_6,,,0.8720,1,,7/28/2026 2:21pm,,vocab_word_percussion v1_6 ,vocab_word_percussion v1_6 en-US,1.000,0.872,vocab_word_percussion,0 checked out of 1,
vocab-en-GB-v1 posterior,vocab-en-GB-v1_157,vocab-en-GB-v1,vocab-en-GB-v1,vocab-item-bank-en-GB,vocab,vocab,levante-vocabulary-dev,posterior,vocab,posterior,test_response,vocab-item-154,vocab-item-154,1,0.25,1.26710000,,,posterior,vocab_word_posterior,vocab_word_posterior,,,,,"frontal,inferior,lateral",dutch,,,test,vocab-item-154,157,vocab__posterior,,,,,,,,,7/28/2026 2:21pm,0,"test posterior posterior frontal,inferior,lateral",word,posterior,,,,vocab,,posterior,vocab-en-GB-v1,,"vocab_word_posterior v1_6 es-CO,vocab_word_posterior v1_6 de-DE,vocab_word_posterior v1_6 en-US",v1_6,,,1.7732,1,,7/28/2026 2:21pm,,vocab_word_posterior v1_6 ,vocab_word_posterior v1_6 en-US,1.000,1.773,vocab_word_posterior,0 checked out of 1,
vocab-en-GB-v1 precarious,vocab-en-GB-v1_158,vocab-en-GB-v1,vocab-en-GB-v1,vocab-item-bank-en-GB,vocab,vocab,levante-vocabulary-dev,precarious,vocab,precarious,test_response,vocab-item-155,vocab-item-155,1,0.25,0.95460000,,,precarious,vocab_word_precarious,vocab_word_precarious,,,,,"cheerful,taiqi,readaloud",dutch,,,test,vocab-item-155,158,vocab__precarious,,,,,,,,,7/28/2026 2:21pm,0,"test precarious precarious cheerful,taiqi,readaloud",word,precarious,,,,vocab,,precarious,vocab-en-GB-v1,,"vocab_word_precarious v1_6 es-CO,vocab_word_precarious v1_6 de-DE,vocab_word_precarious v1_6 en-US",v1_6,,,2.3276,1,,7/28/2026 2:21pm,,vocab_word_precarious v1_6 ,vocab_word_precarious v1_6 en-US,1.000,2.328,vocab_word_precarious,0 checked out of 1,
vocab-en-GB-v1 arbor,vocab-en-GB-v1_159,vocab-en-GB-v1,vocab-en-GB-v1,vocab-item-bank-en-GB,vocab,vocab,levante-vocabulary-dev,arbor,vocab,arbor,test_response,vocab-item-156,vocab-item-156,1,0.25,1.48440000,,,arbor,vocab_word_arbor,vocab_word_arbor,,,,,"castle,barn,tipi",dutch,,,test,vocab-item-156,159,vocab__arbor,,,,,,,,,7/28/2026 2:21pm,0,"test arbor arbor castle,barn,tipi",word,arbor,,,,vocab,,arbor,vocab-en-GB-v1,,"vocab_word_arbor v1_6 es-CO,vocab_word_arbor v1_6 de-DE,vocab_word_arbor v1_6 en-US",v1_6,,,2.6362,1,,7/28/2026 2:21pm,,vocab_word_arbor v1_6 ,vocab_word_arbor v1_6 en-US,1.000,2.636,vocab_word_arbor,0 checked out of 1,
vocab-en-GB-v1 resuscitation,vocab-en-GB-v1_160,vocab-en-GB-v1,vocab-en-GB-v1,vocab-item-bank-en-GB,vocab,vocab,levante-vocabulary-dev,resuscitation,vocab,resuscitation,test_response,vocab-item-157,vocab-item-157,1,0.25,0.76600000,,,resuscitation,vocab_word_resuscitation,vocab_word_resuscitation,,,,,"breathing,pipetting,measurevolts",dutch,,,test,vocab-item-157,160,vocab__resuscitation,,,,,,,,,7/28/2026 2:21pm,0,"test resuscitation resuscitation breathing,pipetting,measurevolts",word,resuscitation,,,,vocab,,resuscitation,vocab-en-GB-v1,,"vocab_word_resuscitation v1_6 es-CO,vocab_word_resuscitation v1_6 de-DE,vocab_word_resuscitation v1_6 en-US",v1_6,,,1.3953,1,,7/28/2026 2:21pm,,vocab_word_resuscitation v1_6 ,vocab_word_resuscitation v1_6 en-US,1.000,1.395,vocab_word_resuscitation,0 checked out of 1,
vocab-en-GB-v1 rosette,vocab-en-GB-v1_161,vocab-en-GB-v1,vocab-en-GB-v1,vocab-item-bank-en-GB,vocab,vocab,levante-vocabulary-dev,rosette,vocab,rosette,test_response,vocab-item-158,vocab-item-158,1,0.25,0.32780000,,,rosette,vocab_word_rosette,vocab_word_rosette,,,,,"brooch,manholecover,roseball",dutch,,,test,vocab-item-158,161,vocab__rosette,,,,,,,,,7/28/2026 2:21pm,0,"test rosette rosette brooch,manholecover,roseball",word,rosette,,,,vocab,,rosette,vocab-en-GB-v1,,"vocab_word_rosette v1_6 es-CO,vocab_word_rosette v1_6 de-DE,vocab_word_rosette v1_6 en-US",v1_6,,,1.0918,1,,7/28/2026 2:21pm,,vocab_word_rosette v1_6 ,vocab_word_rosette v1_6 en-US,1.000,1.092,vocab_word_rosette,0 checked out of 1,
vocab-en-GB-v1 saffron,vocab-en-GB-v1_162,vocab-en-GB-v1,vocab-en-GB-v1,vocab-item-bank-en-GB,vocab,vocab,levante-vocabulary-dev,saffron,vocab,saffron,test_response,vocab-item-159,vocab-item-159,1,0.25,1.87760000,,,saffron,vocab_word_saffron,vocab_word_saffron,,,,,"cinnamon,clove,staranise",dutch,,,test,vocab-item-159,162,vocab__saffron,,,,,,,,,7/28/2026 2:21pm,0,"test saffron saffron cinnamon,clove,staranise",word,saffron,,,,vocab,,saffron,vocab-en-GB-v1,,"vocab_word_saffron v1_6 es-CO,vocab_word_saffron v1_6 de-DE,vocab_word_saffron v1_6 en-US",v1_6,,,3.6244,1,,7/28/2026 2:21pm,,vocab_word_saffron v1_6 ,vocab_word_saffron v1_6 en-US,1.000,3.624,vocab_word_saffron,0 checked out of 1,
vocab-en-GB-v1 mischievous,vocab-en-GB-v1_163,vocab-en-GB-v1,vocab-en-GB-v1,vocab-item-bank-en-GB,vocab,vocab,levante-vocabulary-dev,mischievous,vocab,mischievous,test_response,vocab-item-160,vocab-item-160,1,0.25,0.28740000,,,mischievous,vocab_word_mischievous,vocab_word_mischievous,,,,,"irritated,headaches,suprised",dutch,,,test,vocab-item-160,163,vocab__mischievous,,,,,,,,,7/28/2026 2:21pm,0,"test mischievous mischievous irritated,headaches,suprised",word,mischievous,,,,vocab,,mischievous,vocab-en-GB-v1,,"vocab_word_mischievous v1_6 es-CO,vocab_word_mischievous v1_6 de-DE,vocab_word_mischievous v1_6 en-US",v1_6,,,1.1619,1,,7/28/2026 2:21pm,,vocab_word_mischievous v1_6 ,vocab_word_mischievous v1_6 en-US,1.000,1.162,vocab_word_mischievous,0 checked out of 1,
vocab-en-GB-v1 skimmer,vocab-en-GB-v1_164,vocab-en-GB-v1,vocab-en-GB-v1,vocab-item-bank-en-GB,vocab,vocab,levante-vocabulary-dev,skimmer,vocab,skimmer,test_response,vocab-item-161,vocab-item-161,1,0.25,4.55040000,,,skimmer,vocab_word_skimmer,vocab_word_skimmer,,,,,"pastaspoon,spatula,strainer",dutch,,,test,vocab-item-161,164,vocab__skimmer,,,,,,,,,7/28/2026 2:21pm,0,"test skimmer skimmer pastaspoon,spatula,strainer",word,skimmer,,,,vocab,,skimmer,vocab-en-GB-v1,,"vocab_word_skimmer v1_6 es-CO,vocab_word_skimmer v1_6 de-DE,vocab_word_skimmer v1_6 en-US",v1_6,,,4.9498,1,,7/28/2026 2:21pm,,vocab_word_skimmer v1_6 ,vocab_word_skimmer v1_6 en-US,1.000,4.950,vocab_word_skimmer,0 checked out of 1,
vocab-en-GB-v1 sedentary,vocab-en-GB-v1_165,vocab-en-GB-v1,vocab-en-GB-v1,vocab-item-bank-en-GB,vocab,vocab,levante-vocabulary-dev,sedentary,vocab,sedentary,test_response,vocab-item-162,vocab-item-162,1,0.25,1.39890000,,,sedentary,vocab_word_sedentary,vocab_word_sedentary,,,,,"proposal,effort,tripod",dutch,,,test,vocab-item-162,165,vocab__sedentary,,,,,,,,,7/28/2026 2:21pm,0,"test sedentary sedentary proposal,effort,tripod",word,sedentary,,,,vocab,,sedentary,vocab-en-GB-v1,,"vocab_word_sedentary v1_6 es-CO,vocab_word_sedentary v1_6 de-DE,vocab_word_sedentary v1_6 en-US",v1_6,,,1.8515,1,,7/28/2026 2:21pm,,vocab_word_sedentary v1_6 ,vocab_word_sedentary v1_6 en-US,1.000,1.852,vocab_word_sedentary,0 checked out of 1,
vocab-en-GB-v1 suede,vocab-en-GB-v1_166,vocab-en-GB-v1,vocab-en-GB-v1,vocab-item-bank-en-GB,vocab,vocab,levante-vocabulary-dev,suede,vocab,suede,test_response,vocab-item-163,vocab-item-163,1,0.25,,,,suede,vocab_word_suede,vocab_word_suede,,,,,"jeans,cotton,silk",dutch,,,test,vocab-item-163,166,vocab__suede,,,,,,,,,7/28/2026 2:21pm,0,"test suede suede jeans,cotton,silk",word,suede,,,,vocab,,suede,vocab-en-GB-v1,,vocab_word_suede v1_6 de-DE,v1_6,vocab_word_suede-en-US,5.000,5.0000,,,7/28/2026 2:21pm,,vocab_word_suede v1_6 ,,,,vocab_word_suede,0 checked out of 1,
vocab-en-GB-v1 turnstile,vocab-en-GB-v1_167,vocab-en-GB-v1,vocab-en-GB-v1,vocab-item-bank-en-GB,vocab,vocab,levante-vocabulary-dev,turnstile,vocab,turnstile,test_response,vocab-item-164,vocab-item-164,1,0.25,,,,turnstile,vocab_word_turnstile,vocab_word_turnstile,,,,,"wiper,scalpel,weathervane",dutch,,,test,vocab-item-164,167,vocab__turnstile,,,,,,,,,7/28/2026 2:21pm,0,"test turnstile turnstile wiper,scalpel,weathervane",word,turnstile,,,,vocab,,turnstile,vocab-en-GB-v1,,"vocab_word_turnstile v1_6 de-DE,vocab_word_turnstile v1_6 en-US",v1_6,,,3.4676,1,,7/28/2026 2:21pm,,vocab_word_turnstile v1_6 ,vocab_word_turnstile v1_6 en-US,1.000,3.468,vocab_word_turnstile,0 checked out of 1,
vocab-en-GB-v1 triad,vocab-en-GB-v1_168,vocab-en-GB-v1,vocab-en-GB-v1,vocab-item-bank-en-GB,vocab,vocab,levante-vocabulary-dev,triad,vocab,triad,test_response,vocab-item-165,vocab-item-165,1,0.25,2.19040000,,,triad,vocab_word_triad,vocab_word_triad,,,,,"duo,myriad,quartet",dutch,,,test,vocab-item-165,168,vocab__triad,,,,,,,,,7/28/2026 2:21pm,0,"test triad triad duo,myriad,quartet",word,triad,,,,vocab,,triad,vocab-en-GB-v1,,"vocab_word_triad v1_6 es-CO,vocab_word_triad v1_6 de-DE,vocab_word_triad v1_6 en-US",v1_6,,,0.9866,1,,7/28/2026 2:21pm,,vocab_word_triad v1_6 ,vocab_word_triad v1_6 en-US,1.000,0.987,vocab_word_triad,0 checked out of 1,
vocab-en-GB-v1 dredging,vocab-en-GB-v1_169,vocab-en-GB-v1,vocab-en-GB-v1,vocab-item-bank-en-GB,vocab,vocab,levante-vocabulary-dev,dredging,vocab,dredging,test_response,vocab-item-166,vocab-item-166,1,0.25,1.88840000,,,dredging,vocab_word_dredging,vocab_word_dredging,,,,,"mow,deforestation,saltextraction",dutch,,,test,vocab-item-166,169,vocab__dredging,,,,,,,,,7/28/2026 2:21pm,0,"test dredging dredging mow,deforestation,saltextraction",word,dredging,,,,vocab,,dredging,vocab-en-GB-v1,,"vocab_word_dredging v1_6 es-CO,vocab_word_dredging v1_6 de-DE,vocab_word_dredging v1_6 en-US",v1_6,,,2.6335,1,,7/28/2026 2:21pm,,vocab_word_dredging v1_6 ,vocab_word_dredging v1_6 en-US,1.000,2.634,vocab_word_dredging,0 checked out of 1,
vocab-en-GB-v1 urban,vocab-en-GB-v1_170,vocab-en-GB-v1,vocab-en-GB-v1,vocab-item-bank-en-GB,vocab,vocab,levante-vocabulary-dev,urban,vocab,urban,test_response,vocab-item-167,vocab-item-167,1,0.25,2.91180000,,,urban,vocab_word_urban,vocab_word_urban,,,,,"village,maritime,rural",dutch,,,test,vocab-item-167,170,vocab__urban,,,,,,,,,7/28/2026 2:21pm,0,"test urban urban village,maritime,rural",word,urban,,,,vocab,,urban,vocab-en-GB-v1,,"vocab_word_urban v1_6 es-CO,vocab_word_urban v1_6 de-DE,vocab_word_urban v1_6 en-US",v1_6,,,0.5957,1,,7/28/2026 2:21pm,,vocab_word_urban v1_6 ,vocab_word_urban v1_6 en-US,1.000,0.596,vocab_word_urban,0 checked out of 1,
vocab-en-GB-v1 steam,vocab-en-GB-v1_171,vocab-en-GB-v1,vocab-en-GB-v1,vocab-item-bank-en-GB,vocab,vocab,levante-vocabulary-dev,steam,vocab,steam,test_response,vocab-item-168,vocab-item-168,1,0.25,-1.43230000,,,steam,vocab_word_steam,vocab_word_steam,,,,,"pottery,rust,blacksmith",dutch,,,test,vocab-item-168,171,vocab__steam,,,,,,,,,7/28/2026 2:21pm,0,"test steam steam pottery,rust,blacksmith",word,steam,,,,vocab,,steam,vocab-en-GB-v1,,"vocab_word_steam v1_6 es-CO,vocab_word_steam v1_6 de-DE,vocab_word_steam v1_6 en-US",v1_6,,,-1.1130,1,,7/28/2026 2:21pm,,vocab_word_steam v1_6 ,vocab_word_steam v1_6 en-US,1.000,-1.113,vocab_word_steam,0 checked out of 1,
vocab-en-GB-v1 vertebra,vocab-en-GB-v1_172,vocab-en-GB-v1,vocab-en-GB-v1,vocab-item-bank-en-GB,vocab,vocab,levante-vocabulary-dev,vertebra,vocab,vertebra,test_response,vocab-item-169,vocab-item-169,1,0.25,1.18650000,,,vertebra,vocab_word_vertebra,vocab_word_vertebra,,,,,"leg,hip,skull",dutch,,,test,vocab-item-169,172,vocab__vertebra,,,,,,,,,7/28/2026 2:21pm,0,"test vertebra vertebra leg,hip,skull",word,vertebra,,,,vocab,,vertebra,vocab-en-GB-v1,,"vocab_word_vertebra v1_6 es-CO,vocab_word_vertebra v1_6 de-DE,vocab_word_vertebra v1_6 en-US",v1_6,,,2.0517,1,,7/28/2026 2:21pm,,vocab_word_vertebra v1_6 ,vocab_word_vertebra v1_6 en-US,1.000,2.052,vocab_word_vertebra,0 checked out of 1,
vocab-en-GB-v1 bandage,vocab-en-GB-v1_173,vocab-en-GB-v1,vocab-en-GB-v1,vocab-item-bank-en-GB,vocab,vocab,levante-vocabulary-dev,bandage,vocab,bandage,test_response,vocab-item-170,vocab-item-170,1,0.25,-3.11420000,,,bandage,vocab_word_bandage,vocab_word_bandage,,,,,"stretcher,bagbinder,mop",dutch,,,test,vocab-item-170,173,vocab__bandage,,,,,,,,,7/28/2026 2:21pm,0,"test bandage bandage stretcher,bagbinder,mop",word,bandage,,,,vocab,,bandage,vocab-en-GB-v1,,"vocab_word_bandage v1_6 es-CO,vocab_word_bandage v1_6 de-DE,vocab_word_bandage v1_6 en-US",v1_6,,,-3.7016,1,,7/28/2026 2:21pm,,vocab_word_bandage v1_6 ,vocab_word_bandage v1_6 en-US,1.000,-3.702,vocab_word_bandage,0 checked out of 1,